[{"model": "contenttypes.contenttype", "pk": 1, "fields": {"app_label": "admin", "model": "logentry"}}, {"model": "contenttypes.contenttype", "pk": 2, "fields": {"app_label": "auth", "model": "permission"}}, {"model": "contenttypes.contenttype", "pk": 3, "fields": {"app_label": "auth", "model": "group"}}, {"model": "contenttypes.contenttype", "pk": 4, "fields": {"app_label": "auth", "model": "user"}}, {"model": "contenttypes.contenttype", "pk": 5, "fields": {"app_label": "contenttypes", "model": "contenttype"}}, {"model": "contenttypes.contenttype", "pk": 6, "fields": {"app_label": "sessions", "model": "session"}}, {"model": "contenttypes.contenttype", "pk": 7, "fields": {"app_label": "sites", "model": "site"}}, {"model": "contenttypes.contenttype", "pk": 8, "fields": {"app_label": "djexperiments", "model": "experiment"}}, {"model": "contenttypes.contenttype", "pk": 9, "fields": {"app_label": "djexperiments", "model": "debrief"}}, {"model": "contenttypes.contenttype", "pk": 10, "fields": {"app_label": "djexperiments", "model": "lobby"}}, {"model": "contenttypes.contenttype", "pk": 11, "fields": {"app_label": "djexperiments", "model": "myexperiment"}}, {"model": "contenttypes.contenttype", "pk": 12, "fields": {"app_label": "djuser", "model": "subject"}}, {"model": "contenttypes.contenttype", "pk": 13, "fields": {"app_label": "djuser", "model": "profileentry"}}, {"model": "contenttypes.contenttype", "pk": 14, "fields": {"app_label": "djpay", "model": "payment"}}, {"model": "contenttypes.contenttype", "pk": 15, "fields": {"app_label": "djcollect", "model": "participation"}}, {"model": "contenttypes.contenttype", "pk": 16, "fields": {"app_label": "djcollect", "model": "researcher"}}, {"model": "contenttypes.contenttype", "pk": 17, "fields": {"app_label": "djreceive", "model": "run"}}, {"model": "contenttypes.contenttype", "pk": 18, "fields": {"app_label": "djreceive", "model": "categorizationtrial"}}, {"model": "contenttypes.contenttype", "pk": 19, "fields": {"app_label": "djreceive", "model": "similaritytrial"}}, {"model": "contenttypes.contenttype", "pk": 20, "fields": {"app_label": "djreceive", "model": "cogcomsimilaritytrial"}}, {"model": "contenttypes.contenttype", "pk": 21, "fields": {"app_label": "djreceive", "model": "cogcomhtmltrial"}}, {"model": "contenttypes.contenttype", "pk": 22, "fields": {"app_label": "djsend", "model": "instruction"}}, {"model": "contenttypes.contenttype", "pk": 23, "fields": {"app_label": "djsend", "model": "genericsettingblock"}}, {"model": "contenttypes.contenttype", "pk": 24, "fields": {"app_label": "djsend", "model": "genericglobalsetting"}}, {"model": "contenttypes.contenttype", "pk": 25, "fields": {"app_label": "djsend", "model": "simcatglobalsetting"}}, {"model": "contenttypes.contenttype", "pk": 26, "fields": {"app_label": "djsend", "model": "categorizationblock"}}, {"model": "contenttypes.contenttype", "pk": 27, "fields": {"app_label": "djsend", "model": "similarityblock"}}, {"model": "contenttypes.contenttype", "pk": 28, "fields": {"app_label": "djsend", "model": "htmlblock"}}, {"model": "contenttypes.contenttype", "pk": 29, "fields": {"app_label": "djstim", "model": "linkedstimulus"}}, {"model": "contenttypes.contenttype", "pk": 30, "fields": {"app_label": "djstim", "model": "genericstimulipair"}}, {"model": "contenttypes.contenttype", "pk": 31, "fields": {"app_label": "djstim", "model": "genericsinglestimuli"}}, {"model": "contenttypes.contenttype", "pk": 32, "fields": {"app_label": "djstim", "model": "category"}}, {"model": "contenttypes.contenttype", "pk": 33, "fields": {"app_label": "djstim", "model": "microcomponentpair"}}, {"model": "contenttypes.contenttype", "pk": 34, "fields": {"app_label": "djstim", "model": "texttrial"}}, {"model": "contenttypes.contenttype", "pk": 35, "fields": {"app_label": "account", "model": "emailaddress"}}, {"model": "contenttypes.contenttype", "pk": 36, "fields": {"app_label": "account", "model": "emailconfirmation"}}, {"model": "contenttypes.contenttype", "pk": 37, "fields": {"app_label": "socialaccount", "model": "socialapp"}}, {"model": "contenttypes.contenttype", "pk": 38, "fields": {"app_label": "socialaccount", "model": "socialaccount"}}, {"model": "contenttypes.contenttype", "pk": 39, "fields": {"app_label": "socialaccount", "model": "socialtoken"}}, {"model": "contenttypes.contenttype", "pk": 40, "fields": {"app_label": "silk", "model": "request"}}, {"model": "contenttypes.contenttype", "pk": 41, "fields": {"app_label": "silk", "model": "response"}}, {"model": "contenttypes.contenttype", "pk": 42, "fields": {"app_label": "silk", "model": "sqlquery"}}, {"model": "contenttypes.contenttype", "pk": 43, "fields": {"app_label": "silk", "model": "profile"}}, {"model": "contenttypes.contenttype", "pk": 44, "fields": {"app_label": "djreceive", "model": "forcedchoice"}}, {"model": "contenttypes.contenttype", "pk": 45, "fields": {"app_label": "djreceive", "model": "rating"}}, {"model": "contenttypes.contenttype", "pk": 46, "fields": {"app_label": "djreceive", "model": "surveylikert"}}, {"model": "contenttypes.contenttype", "pk": 47, "fields": {"app_label": "djsend", "model": "basestimuli"}}, {"model": "contenttypes.contenttype", "pk": 48, "fields": {"app_label": "djsend", "model": "question"}}, {"model": "contenttypes.contenttype", "pk": 49, "fields": {"app_label": "djsend", "model": "surveymultichoiceblock"}}, {"model": "contenttypes.contenttype", "pk": 50, "fields": {"app_label": "djsend", "model": "surveylikertblock"}}, {"model": "contenttypes.contenttype", "pk": 51, "fields": {"app_label": "djsend", "model": "ratingblock"}}, {"model": "contenttypes.contenttype", "pk": 52, "fields": {"app_label": "djsend", "model": "forcedchoiceblock"}}, {"model": "contenttypes.contenttype", "pk": 53, "fields": {"app_label": "djreceive", "model": "surveymultichoice"}}, {"model": "contenttypes.contenttype", "pk": 54, "fields": {"app_label": "djcollect", "model": "dropout"}}, {"model": "sessions.session", "pk": "1mopdlx6ani5c3twnc6bil273f07az9t", "fields": {"session_data": "ZmQzMTExNjIyODY3NzkxY2RiZjQ0MzJkODBhOWQ5Y2YyOGQ2MDdhZjp7Il9hdXRoX3VzZXJfaGFzaCI6ImM1NGY1OTE3MjUzMWVjMmNmYWIyYzU4MDI0MzFhNzgzMTE4MDhhNTgiLCJfYXV0aF91c2VyX2JhY2tlbmQiOiJkamFuZ28uY29udHJpYi5hdXRoLmJhY2tlbmRzLk1vZGVsQmFja2VuZCIsIl9hdXRoX3VzZXJfaWQiOiIyIn0=", "expire_date": "2016-11-25T16:57:05.265Z"}}, {"model": "sessions.session", "pk": "1tglukqiletlbjbw0oojmfybho7ole9m", "fields": {"session_data": "ZTRjYmZhNmQzYmY2ZGE2MDRkYzRmOWEwNTkxMzFkNTQwZTI4OGIyZjp7Il9hdXRoX3VzZXJfYmFja2VuZCI6ImRqYW5nby5jb250cmliLmF1dGguYmFja2VuZHMuTW9kZWxCYWNrZW5kIiwiX2F1dGhfdXNlcl9pZCI6IjIiLCJfc2Vzc2lvbl9leHBpcnkiOjAsIl9hdXRoX3VzZXJfaGFzaCI6ImM1NGY1OTE3MjUzMWVjMmNmYWIyYzU4MDI0MzFhNzgzMTE4MDhhNTgifQ==", "expire_date": "2016-12-23T17:20:47.328Z"}}, {"model": "sessions.session", "pk": "48l0pc0ijzj1j8rpnz7n4053g6738agl", "fields": {"session_data": "YmMyZmEyMmMxZTViNjhhZDdjMmRjNzU1M2U5MmI5ZTE0N2Q0YzU1OTp7Il9hdXRoX3VzZXJfYmFja2VuZCI6ImRqYW5nby5jb250cmliLmF1dGguYmFja2VuZHMuTW9kZWxCYWNrZW5kIiwiX2F1dGhfdXNlcl9oYXNoIjoiM2FkMWVjMjgxMTA2NzdlNGRmZTljOTA1NzBiMjViYzZjNzJjYTRhMiIsImRhdGFfbWFwcGluZyI6IntcImZvcmNlZGNob2ljZVwiOiA0NCwgXCJyYXRpbmdcIjogNDUsIFwiaHRtbFwiOiAyMX0iLCJfc2Vzc2lvbl9leHBpcnkiOjAsIl9hdXRoX3VzZXJfaWQiOiIxIiwiZXhwX2lkIjoiMDc5NTk1MEpJWDVORk9UTyIsInN0YXJ0X3RpbWUiOiIyMDE2LTExLTA5IDE4OjUwOjUxLjc0NDUyMSIsImN1cnJlbnRfZXhwIjoidGVzdF9kZWNpc2lvbl9sYWIifQ==", "expire_date": "2016-11-23T23:50:52.275Z"}}, {"model": "sessions.session", "pk": "4c7nafffhs65lva960r4fcq39sz0nxfv", "fields": {"session_data": "Yzc0ZmVjMjg5ZWEyYjE5Y2ViYTA3MjJkNzUzOTllYzY0NzFlYzE5Zjp7Il9hdXRoX3VzZXJfYmFja2VuZCI6ImRqYW5nby5jb250cmliLmF1dGguYmFja2VuZHMuTW9kZWxCYWNrZW5kIiwiX2F1dGhfdXNlcl9pZCI6IjIiLCJfYXV0aF91c2VyX2hhc2giOiJjNTRmNTkxNzI1MzFlYzJjZmFiMmM1ODAyNDMxYTc4MzExODA4YTU4IiwiX3Nlc3Npb25fZXhwaXJ5IjowfQ==", "expire_date": "2016-12-21T18:50:22.326Z"}}, {"model": "sessions.session", "pk": "4egfpl4rfzpy2ne01sxd9ec6i0p39q5s", "fields": {"session_data": "Y2U2MDQxOTJkM2RmYzQ4ZGZhMDM1MjkzMmE4ZjdmMmY5N2JhNDY0OTp7InN0YXJ0X3RpbWUiOiIyMDE2LTExLTIzIDE3OjE0OjI0LjM1MjQ3MiIsImN1cnJlbnRfZXhwIjoidGVzdF9kZWNpc2lvbl9sYWIiLCJfc2Vzc2lvbl9leHBpcnkiOjAsIl9hdXRoX3VzZXJfYmFja2VuZCI6ImRqYW5nby5jb250cmliLmF1dGguYmFja2VuZHMuTW9kZWxCYWNrZW5kIiwic2V0dGluZ19tb2RlbF9pZCI6MjQsImV4cF9pZCI6IjYxS0hOWFlOWjVaUFM2WVMiLCJfYXV0aF91c2VyX2lkIjoiMiIsImRhdGFfbWFwcGluZyI6IntcInN1cnZleS1saWtlcnRcIjogNDYsIFwiaHRtbFwiOiAyMSwgXCJyYXRpbmdcIjogNDUsIFwic3VydmV5LW11bHRpLWNob2ljZVwiOiA1MywgXCJmb3JjZWRjaG9pY2VcIjogNDR9Iiwic2V0dGluZ19pZCI6NCwiX2F1dGhfdXNlcl9oYXNoIjoiYzU0ZjU5MTcyNTMxZWMyY2ZhYjJjNTgwMjQzMWE3ODMxMTgwOGE1OCJ9", "expire_date": "2016-12-07T22:14:24.696Z"}}, {"model": "sessions.session", "pk": "4s13lw0egdvwv1c3et36ebbftdlssn26", "fields": {"session_data": "YTllZThkZmQ3MWViNzYzYzY1OThmYTM5MzAyZWZjODFlZDkxN2U2Yjp7ImN1cnJlbnRfZXhwIjoidGVzdF9kZWNpc2lvbl9sYWIiLCJkYXRhX21hcHBpbmciOiJ7XCJodG1sXCI6IDIxLCBcInJhdGluZ1wiOiA0NSwgXCJmb3JjZWRjaG9pY2VcIjogNDR9IiwiZXhwX2lkIjoiVFBMQjYzWEJZVTNSWU1SSCIsIl9zZXNzaW9uX2V4cGlyeSI6MCwiX2F1dGhfdXNlcl9iYWNrZW5kIjoiZGphbmdvLmNvbnRyaWIuYXV0aC5iYWNrZW5kcy5Nb2RlbEJhY2tlbmQiLCJfYXV0aF91c2VyX2lkIjoiMSIsIl9hdXRoX3VzZXJfaGFzaCI6IjNhZDFlYzI4MTEwNjc3ZTRkZmU5YzkwNTcwYjI1YmM2YzcyY2E0YTIiLCJzdGFydF90aW1lIjoiMjAxNi0xMS0xMCAxNTo1MjowMi4yNzA4MjMifQ==", "expire_date": "2016-11-24T20:52:02.813Z"}}, {"model": "sessions.session", "pk": "5rcl0urfvvlii63obbzd3x8ouucw361n", "fields": {"session_data": "ZGRkOTgzYmZhY2Y5MjUwMDRhZmQ2OGVlNDhlYWExMDI2MDM2YjI1ODp7InN0YXJ0X3RpbWUiOiIyMDE2LTExLTI5IDE0OjI1OjE0LjY0NTU5NSIsImNvbnRpbnVlIjoxNSwiY3VycmVudF9leHAiOiJ0ZXN0X2RlY2lzaW9uX2xhYiIsInNldHRpbmdfbW9kZWxfaWQiOjI0LCJsYXN0Q29tcGxldGVkIjoidGVzdF9kZWNpc2lvbl9sYWIiLCJfYXV0aF91c2VyX2hhc2giOiJjNTRmNTkxNzI1MzFlYzJjZmFiMmM1ODAyNDMxYTc4MzExODA4YTU4IiwiZGF0YV9tYXBwaW5nIjoie1wiaHRtbFwiOiAyMSwgXCJzdXJ2ZXktbXVsdGktY2hvaWNlXCI6IDUzLCBcInJhdGluZ1wiOiA0NSwgXCJmb3JjZWRjaG9pY2VcIjogNDQsIFwic3VydmV5LWxpa2VydFwiOiA0Nn0iLCJfYXV0aF91c2VyX2lkIjoiMiIsImV4cF9pZCI6IjQxOU03MzJWOFZFNjY1R0oiLCJzZXR0aW5nX2lkIjo0LCJwcmV2aW91cyI6MTUsIl9hdXRoX3VzZXJfYmFja2VuZCI6ImRqYW5nby5jb250cmliLmF1dGguYmFja2VuZHMuTW9kZWxCYWNrZW5kIiwiX3Nlc3Npb25fZXhwaXJ5IjowfQ==", "expire_date": "2016-12-13T19:43:54.042Z"}}, {"model": "sessions.session", "pk": "9eyrhnun6hjbo0c8yzexw4ol2rfayyys", "fields": {"session_data": "YTU3MmM5M2FmOWRiMjdkMDQxODlkNjI5MTgzMGJlNTA2ODYxNTIxMDp7Il9hdXRoX3VzZXJfaGFzaCI6ImM1NGY1OTE3MjUzMWVjMmNmYWIyYzU4MDI0MzFhNzgzMTE4MDhhNTgiLCJfYXV0aF91c2VyX2lkIjoiMiIsIl9zZXNzaW9uX2V4cGlyeSI6MCwiX2F1dGhfdXNlcl9iYWNrZW5kIjoiZGphbmdvLmNvbnRyaWIuYXV0aC5iYWNrZW5kcy5Nb2RlbEJhY2tlbmQifQ==", "expire_date": "2016-12-20T18:35:57.452Z"}}, {"model": "sessions.session", "pk": "cvkkxmr1ljc8vwk778yk13c4eldn4tds", "fields": {"session_data": "NzViMzkxNDRmMTY4ZGM1ZmEzNGEwMjIzNjA1Y2I5NDEzZWM5NjRkZDp7Il9hdXRoX3VzZXJfaGFzaCI6ImM1NGY1OTE3MjUzMWVjMmNmYWIyYzU4MDI0MzFhNzgzMTE4MDhhNTgiLCJfc2Vzc2lvbl9leHBpcnkiOjAsIl9hdXRoX3VzZXJfYmFja2VuZCI6ImRqYW5nby5jb250cmliLmF1dGguYmFja2VuZHMuTW9kZWxCYWNrZW5kIiwiX2F1dGhfdXNlcl9pZCI6IjIifQ==", "expire_date": "2016-12-20T21:33:49.379Z"}}, {"model": "sessions.session", "pk": "d519eyx3evyqkhd0w2vsb67ah3m62lf2", "fields": {"session_data": "ZTBiODk5Nzg4Yzg3NzE4ZmMzNDJhMTg2YTgxMDA0MzRmMjI2MWRiODp7Il9hdXRoX3VzZXJfaGFzaCI6IjNhZDFlYzI4MTEwNjc3ZTRkZmU5YzkwNTcwYjI1YmM2YzcyY2E0YTIiLCJfYXV0aF91c2VyX2lkIjoiMSIsImV4cF9pZCI6IjRZRlJJOVZDRzZFMkhHODciLCJfYXV0aF91c2VyX2JhY2tlbmQiOiJkamFuZ28uY29udHJpYi5hdXRoLmJhY2tlbmRzLk1vZGVsQmFja2VuZCIsIl9zZXNzaW9uX2V4cGlyeSI6MCwic3RhcnRfdGltZSI6IjIwMTYtMTEtMTEgMDk6NTk6MjguNzkwMzY0IiwiZGF0YV9tYXBwaW5nIjoie1wiaHRtbFwiOiAyMSwgXCJmb3JjZWRjaG9pY2VcIjogNDQsIFwicmF0aW5nXCI6IDQ1fSIsImN1cnJlbnRfZXhwIjoidGVzdF9kZWNpc2lvbl9sYWIifQ==", "expire_date": "2016-11-25T14:59:29.284Z"}}, {"model": "sessions.session", "pk": "hskic5mh94dbwejpzhb5xglid2euovj1", "fields": {"session_data": "YzczOTk1NDU1YmNhZGYwMzI3OWM4NTg1ZDRlOWFhYjBkMDhhMjM0NDp7Il9hdXRoX3VzZXJfaGFzaCI6IjNhZDFlYzI4MTEwNjc3ZTRkZmU5YzkwNTcwYjI1YmM2YzcyY2E0YTIiLCJfc2Vzc2lvbl9leHBpcnkiOjAsIl9hdXRoX3VzZXJfaWQiOiIxIiwiX2F1dGhfdXNlcl9iYWNrZW5kIjoiZGphbmdvLmNvbnRyaWIuYXV0aC5iYWNrZW5kcy5Nb2RlbEJhY2tlbmQifQ==", "expire_date": "2016-11-22T21:40:56.364Z"}}, {"model": "sessions.session", "pk": "l3ec8ua4zjt0jil50i6q27s8ykd7qaw0", "fields": {"session_data": "OTdjMGQ1ZWJhMTdhYTgzYzYyZDJmYmQ1OWZkNDIwOTk1MTk0NGMwODp7ImRhdGFfbWFwcGluZyI6IntcImZvcmNlZGNob2ljZVwiOiA0NCwgXCJyYXRpbmdcIjogNDUsIFwiaHRtbFwiOiAyMX0iLCJfYXV0aF91c2VyX2hhc2giOiIzYWQxZWMyODExMDY3N2U0ZGZlOWM5MDU3MGIyNWJjNmM3MmNhNGEyIiwiX3Nlc3Npb25fZXhwaXJ5IjowLCJfYXV0aF91c2VyX2JhY2tlbmQiOiJkamFuZ28uY29udHJpYi5hdXRoLmJhY2tlbmRzLk1vZGVsQmFja2VuZCIsImN1cnJlbnRfZXhwIjoidGVzdF9kZWNpc2lvbl9sYWIiLCJfYXV0aF91c2VyX2lkIjoiMSIsImV4cF9pZCI6IktQSTkzNU5VUzAyRVJWREQiLCJzdGFydF90aW1lIjoiMjAxNi0xMS0wOSAxNzo1OTo1MC40NjkxNTYifQ==", "expire_date": "2016-11-23T22:59:50.976Z"}}, {"model": "sessions.session", "pk": "lvkfmhb70ljqd1qdslumjditgzv8iia8", "fields": {"session_data": "MGExMGNmZjM2NmViZGE2NjMzMTU0YTUwYmM3MjM5YjM3ZTE5NmYwZDp7Il9hdXRoX3VzZXJfaWQiOiIyIiwiX2F1dGhfdXNlcl9iYWNrZW5kIjoiZGphbmdvLmNvbnRyaWIuYXV0aC5iYWNrZW5kcy5Nb2RlbEJhY2tlbmQiLCJfc2Vzc2lvbl9leHBpcnkiOjAsIl9hdXRoX3VzZXJfaGFzaCI6ImM1NGY1OTE3MjUzMWVjMmNmYWIyYzU4MDI0MzFhNzgzMTE4MDhhNTgifQ==", "expire_date": "2016-12-20T18:51:46.242Z"}}, {"model": "sessions.session", "pk": "ncxs7rs0948d1mufoa915jr4bf79uszj", "fields": {"session_data": "YzRiMTQ4YTMyZDUzNWEwNWJhODVhNjc4NDg4ODJlM2FmOTJmMGJmMTp7Il9hdXRoX3VzZXJfYmFja2VuZCI6ImRqYW5nby5jb250cmliLmF1dGguYmFja2VuZHMuTW9kZWxCYWNrZW5kIiwiX2F1dGhfdXNlcl9oYXNoIjoiM2FkMWVjMjgxMTA2NzdlNGRmZTljOTA1NzBiMjViYzZjNzJjYTRhMiIsIl9hdXRoX3VzZXJfaWQiOiIxIn0=", "expire_date": "2016-10-27T17:51:52.607Z"}}, {"model": "sessions.session", "pk": "o9906l5sxy6yb9sicp1sz48o1f7vprx5", "fields": {"session_data": "NjZkY2MwMDgxNDM0ZDE2ZWJkZjMxMTUxYWE4NDE2NDg4YzA2ODZjMzp7Il9zZXNzaW9uX2V4cGlyeSI6MCwiX2F1dGhfdXNlcl9pZCI6IjEiLCJfYXV0aF91c2VyX2hhc2giOiIzYWQxZWMyODExMDY3N2U0ZGZlOWM5MDU3MGIyNWJjNmM3MmNhNGEyIiwiX2F1dGhfdXNlcl9iYWNrZW5kIjoiZGphbmdvLmNvbnRyaWIuYXV0aC5iYWNrZW5kcy5Nb2RlbEJhY2tlbmQifQ==", "expire_date": "2016-10-09T19:03:10.643Z"}}, {"model": "sessions.session", "pk": "rzz29e94bwknkwjqgxyfp7gpyt017l7t", "fields": {"session_data": "NzViMzkxNDRmMTY4ZGM1ZmEzNGEwMjIzNjA1Y2I5NDEzZWM5NjRkZDp7Il9hdXRoX3VzZXJfaGFzaCI6ImM1NGY1OTE3MjUzMWVjMmNmYWIyYzU4MDI0MzFhNzgzMTE4MDhhNTgiLCJfc2Vzc2lvbl9leHBpcnkiOjAsIl9hdXRoX3VzZXJfYmFja2VuZCI6ImRqYW5nby5jb250cmliLmF1dGguYmFja2VuZHMuTW9kZWxCYWNrZW5kIiwiX2F1dGhfdXNlcl9pZCI6IjIifQ==", "expire_date": "2016-12-20T20:53:24.743Z"}}, {"model": "sessions.session", "pk": "s9vip6irptijsh966d7d6vx3b1urbxlr", "fields": {"session_data": "YTkxNTY3NmQ1MGU5ZmJjN2UzYTA1MWU2OWI1YWNiNDdjMzFiYzc3MDp7ImV4cF9pZCI6IklCUVJJUjRaQVgxVVA3UFkiLCJzdGFydF90aW1lIjoiMjAxNi0xMS0yMyAxNTowMDoyNy40MzMyMTAiLCJfYXV0aF91c2VyX2lkIjoiMiIsIl9hdXRoX3VzZXJfYmFja2VuZCI6ImRqYW5nby5jb250cmliLmF1dGguYmFja2VuZHMuTW9kZWxCYWNrZW5kIiwiX2F1dGhfdXNlcl9oYXNoIjoiYzU0ZjU5MTcyNTMxZWMyY2ZhYjJjNTgwMjQzMWE3ODMxMTgwOGE1OCIsInNldHRpbmdfaWQiOjQsImN1cnJlbnRfZXhwIjoidGVzdF9kZWNpc2lvbl9sYWIiLCJzZXR0aW5nX21vZGVsX2lkIjoyNCwiX3Nlc3Npb25fZXhwaXJ5IjowLCJkYXRhX21hcHBpbmciOiJ7XCJodG1sXCI6IDIxLCBcInN1cnZleS1saWtlcnRcIjogNDYsIFwicmF0aW5nXCI6IDQ1LCBcImZvcmNlZGNob2ljZVwiOiA0NCwgXCJzdXJ2ZXktbXVsdGktY2hvaWNlXCI6IDUzfSJ9", "expire_date": "2016-12-07T20:00:27.752Z"}}, {"model": "sessions.session", "pk": "skajfsiqympu1cs2hne5cq0ay5a8w4k5", "fields": {"session_data": "NTM4NmY5NWQxZGE0MDQxNDIzNDIyMmU3YTBjMzc4YWI0NzQ2ZTZmNTp7Il9zZXNzaW9uX2V4cGlyeSI6MCwiX2F1dGhfdXNlcl9pZCI6IjMiLCJfYXV0aF91c2VyX2hhc2giOiIyOWQ4NDkyNzUzOWI3ODYxOTA1MTU3YTM3ZTY0MDY2YjVhMzY5YzBkIiwiX2F1dGhfdXNlcl9iYWNrZW5kIjoiZGphbmdvLmNvbnRyaWIuYXV0aC5iYWNrZW5kcy5Nb2RlbEJhY2tlbmQifQ==", "expire_date": "2016-12-02T19:49:56.406Z"}}, {"model": "sessions.session", "pk": "wfhg5g9e106gopaakbs3twj0icv2xhme", "fields": {"session_data": "NmI0M2NjZTg2MTU0YTIxYTUyMmU1YWQzODgxNDJmMjg0NjEwM2EyMTp7Il9hdXRoX3VzZXJfaGFzaCI6ImM1NGY1OTE3MjUzMWVjMmNmYWIyYzU4MDI0MzFhNzgzMTE4MDhhNTgiLCJfYXV0aF91c2VyX2lkIjoiMiIsIl9hdXRoX3VzZXJfYmFja2VuZCI6ImRqYW5nby5jb250cmliLmF1dGguYmFja2VuZHMuTW9kZWxCYWNrZW5kIiwiX3Nlc3Npb25fZXhwaXJ5IjowfQ==", "expire_date": "2016-12-02T23:07:52.539Z"}}, {"model": "sessions.session", "pk": "zsm6w44lqi70olgb45il30nuafgo7yfy", "fields": {"session_data": "ODUxNjEwNTU5YmM5NGY2OWQwMDA1MzVjZTMwYjViMjhkM2I0YzIxNTp7Il9hdXRoX3VzZXJfaGFzaCI6IjNhZDFlYzI4MTEwNjc3ZTRkZmU5YzkwNTcwYjI1YmM2YzcyY2E0YTIiLCJfYXV0aF91c2VyX2lkIjoiMSIsIl9hdXRoX3VzZXJfYmFja2VuZCI6ImRqYW5nby5jb250cmliLmF1dGguYmFja2VuZHMuTW9kZWxCYWNrZW5kIiwiX3Nlc3Npb25fZXhwaXJ5IjowfQ==", "expire_date": "2016-10-07T18:13:23.881Z"}}, {"model": "sessions.session", "pk": "zyaoa42x4tuhdgabpurjtggn0iccf2ym", "fields": {"session_data": "ZTAzNTU0YzBhZjMwYjg1NTljNjNiZTkxYThiYzM1OGY5ODVhMjkwNTp7Il9hdXRoX3VzZXJfaWQiOiIyIiwiX2F1dGhfdXNlcl9oYXNoIjoiYzU0ZjU5MTcyNTMxZWMyY2ZhYjJjNTgwMjQzMWE3ODMxMTgwOGE1OCIsIl9zZXNzaW9uX2V4cGlyeSI6MCwic2V0dGluZ19pZCI6NCwiZGF0YV9tYXBwaW5nIjoie1wiaHRtbFwiOiAyMSwgXCJzdXJ2ZXktbXVsdGktY2hvaWNlXCI6IDUzLCBcInN1cnZleS1saWtlcnRcIjogNDYsIFwicmF0aW5nXCI6IDQ1LCBcImZvcmNlZGNob2ljZVwiOiA0NH0iLCJleHBfaWQiOiJBUDQxQTc4QTdPWkdDWFE3IiwiY3VycmVudF9leHAiOiJ0ZXN0X2RlY2lzaW9uX2xhYiIsInN0YXJ0X3RpbWUiOiIyMDE2LTExLTIyIDE0OjI0OjEzLjc4NzA1OCIsIl9hdXRoX3VzZXJfYmFja2VuZCI6ImRqYW5nby5jb250cmliLmF1dGguYmFja2VuZHMuTW9kZWxCYWNrZW5kIiwic2V0dGluZ19tb2RlbF9pZCI6MjR9", "expire_date": "2016-12-06T19:24:13.995Z"}}, {"model": "sites.site", "pk": 1, "fields": {"domain": "example.com", "name": "example.com"}}, {"model": "djcollect.participation", "pk": 13, "fields": {"experiment": 4, "subject": 3, "complete": false, "started": "2016-11-18T23:04:48Z", "finished": "2016-11-18T23:07:26Z", "parameters": "{}"}}, {"model": "djcollect.participation", "pk": 14, "fields": {"experiment": 3, "subject": 4, "complete": false, "started": "2016-11-21T22:10:24Z", "finished": null, "parameters": "{}"}}, {"model": "djcollect.participation", "pk": 15, "fields": {"experiment": 4, "subject": 2, "complete": false, "started": "2016-11-29T18:39:59Z", "finished": "2016-11-29T18:41:48Z", "parameters": "{}"}}, {"model": "djreceive.run", "pk": 6, "fields": {"participation": 13, "start_time": "2016-11-18T23:04:48.671Z", "end_time": "2016-11-18T23:06:11.895Z", "browser": "Chrome", "browser_version": "54", "content_type": 24, "object_id": 4, "used_trials": [44, 45, 46, 53]}}, {"model": "djreceive.run", "pk": 7, "fields": {"participation": 14, "start_time": "2016-11-21T22:10:24.281Z", "end_time": "2016-11-21T22:10:39.428Z", "browser": "Chrome", "browser_version": "54", "content_type": 24, "object_id": 1, "used_trials": [20]}}, {"model": "djreceive.run", "pk": 8, "fields": {"participation": 15, "start_time": "2016-11-29T18:39:59.289Z", "end_time": "2016-11-29T18:41:40.308Z", "browser": "Chrome", "browser_version": "54", "content_type": 24, "object_id": 4, "used_trials": [44, 45, 46, 53]}}, {"model": "djreceive.forcedchoice", "pk": 1, "fields": {"internal_node_id": "0.0-4.0-0.0", "trial_index": 31, "trial_type": "forcedchoice", "time_elapsed": 55720, "timeout": false, "run": 6, "extra_data": "{\"chosen_idx\":0}", "rt": 1671, "chosen": 0, "leftRating": 1, "rightRating": 1, "first": "/media/test_decision_lab/84_7-CV-50.bmp", "last": "/media/test_decision_lab/77vertical-sunflower-laura-grisham.bmp"}}, {"model": "djreceive.forcedchoice", "pk": 2, "fields": {"internal_node_id": "0.0-4.0-1.0", "trial_index": 32, "trial_type": "forcedchoice", "time_elapsed": 57285, "timeout": false, "run": 6, "extra_data": "{\"chosen_idx\":1}", "rt": 360, "chosen": 1, "leftRating": 0, "rightRating": 0, "first": "/media/test_decision_lab/97Animal-Oil-Painting-Art-Painting-On-100-Canvas-AN-10013-A-.bmp", "last": "/media/test_decision_lab/92Goyo Dominguez 1960.bmp"}}, {"model": "djreceive.forcedchoice", "pk": 3, "fields": {"internal_node_id": "0.0-4.0-2.0", "trial_index": 33, "trial_type": "forcedchoice", "time_elapsed": 58749, "timeout": false, "run": 6, "extra_data": "{\"chosen_idx\":0}", "rt": 258, "chosen": 0, "leftRating": 1, "rightRating": 3, "first": "/media/test_decision_lab/77vertical-sunflower-laura-grisham.bmp", "last": "/media/test_decision_lab/88look-of-Egyption-750x1024.bmp"}}, {"model": "djreceive.forcedchoice", "pk": 4, "fields": {"internal_node_id": "0.0-4.0-3.0", "trial_index": 34, "trial_type": "forcedchoice", "time_elapsed": 60389, "timeout": false, "run": 6, "extra_data": "{\"chosen_idx\":1}", "rt": 436, "chosen": 1, "leftRating": 2, "rightRating": 3, "first": "/media/test_decision_lab/91landscape-painting-6.bmp", "last": "/media/test_decision_lab/75art-nouveau-cat-painting.bmp"}}, {"model": "djreceive.forcedchoice", "pk": 5, "fields": {"internal_node_id": "0.0-4.0-4.0", "trial_index": 35, "trial_type": "forcedchoice", "time_elapsed": 61869, "timeout": false, "run": 6, "extra_data": "{\"chosen_idx\":0}", "rt": 275, "chosen": 0, "leftRating": 0, "rightRating": 1, "first": "/media/test_decision_lab/92Goyo Dominguez 1960.bmp", "last": "/media/test_decision_lab/80il_570xN.bmp"}}, {"model": "djreceive.forcedchoice", "pk": 6, "fields": {"internal_node_id": "0.0-4.0-5.0", "trial_index": 36, "trial_type": "forcedchoice", "time_elapsed": 63405, "timeout": false, "run": 6, "extra_data": "{\"chosen_idx\":1}", "rt": 332, "chosen": 1, "leftRating": 2, "rightRating": 2, "first": "/media/test_decision_lab/78imari.bmp", "last": "/media/test_decision_lab/82African-Art-Paintings-002.bmp"}}, {"model": "djreceive.forcedchoice", "pk": 7, "fields": {"internal_node_id": "0.0-4.0-6.0", "trial_index": 37, "trial_type": "forcedchoice", "time_elapsed": 64901, "timeout": false, "run": 6, "extra_data": "{\"chosen_idx\":0}", "rt": 292, "chosen": 0, "leftRating": 1, "rightRating": 2, "first": "/media/test_decision_lab/80il_570xN.bmp", "last": "/media/test_decision_lab/87the_dawn.bmp"}}, {"model": "djreceive.forcedchoice", "pk": 8, "fields": {"internal_node_id": "0.0-4.0-7.0", "trial_index": 38, "trial_type": "forcedchoice", "time_elapsed": 66462, "timeout": false, "run": 6, "extra_data": "{\"chosen_idx\":0}", "rt": 355, "chosen": 0, "leftRating": 3, "rightRating": 3, "first": "/media/test_decision_lab/88look-of-Egyption-750x1024.bmp", "last": "/media/test_decision_lab/89timthumb.bmp"}}, {"model": "djreceive.forcedchoice", "pk": 9, "fields": {"internal_node_id": "0.0-4.0-8.0", "trial_index": 39, "trial_type": "forcedchoice", "time_elapsed": 68277, "timeout": false, "run": 6, "extra_data": "{\"chosen_idx\":1}", "rt": 613, "chosen": 1, "leftRating": 1, "rightRating": 3, "first": "/media/test_decision_lab/96abstract-flower-botanical-watercolor-painting-print-svetlana-novikova.bmp", "last": "/media/test_decision_lab/93Sergey Kustarev.bmp"}}, {"model": "djreceive.forcedchoice", "pk": 10, "fields": {"internal_node_id": "0.0-4.0-9.0", "trial_index": 40, "trial_type": "forcedchoice", "time_elapsed": 71221, "timeout": false, "run": 6, "extra_data": "{\"chosen_idx\":0}", "rt": 1739, "chosen": 0, "leftRating": 2, "rightRating": 0, "first": "/media/test_decision_lab/83AFRICAN_RHYTHM_PAINT_XL.bmp", "last": "/media/test_decision_lab/86original-paintings-two-lovely-australian-terrier.bmp"}}, {"model": "djreceive.forcedchoice", "pk": 11, "fields": {"internal_node_id": "0.0-4.0-10.0", "trial_index": 41, "trial_type": "forcedchoice", "time_elapsed": 72669, "timeout": false, "run": 6, "extra_data": "{\"chosen_idx\":1}", "rt": 245, "chosen": 1, "leftRating": 0, "rightRating": 2, "first": "/media/test_decision_lab/99dolphin-and-sun-1000.bmp", "last": "/media/test_decision_lab/91landscape-painting-6.bmp"}}, {"model": "djreceive.forcedchoice", "pk": 12, "fields": {"internal_node_id": "0.0-4.0-11.0", "trial_index": 42, "trial_type": "forcedchoice", "time_elapsed": 74005, "timeout": false, "run": 6, "extra_data": "{\"chosen_idx\":0}", "rt": 131, "chosen": 0, "leftRating": 1, "rightRating": 0, "first": "/media/test_decision_lab/80il_570xN.bmp", "last": "/media/test_decision_lab/95Cherry_Ripe_1879.bmp"}}, {"model": "djreceive.forcedchoice", "pk": 13, "fields": {"internal_node_id": "0.0-5.0-0.0", "trial_index": 32, "trial_type": "forcedchoice", "time_elapsed": 65780, "timeout": false, "run": 8, "extra_data": "{\"chosen_idx\":0}", "rt": 1931, "chosen": 0, "leftRating": 3, "rightRating": 1, "first": "/media/test_decision_lab/77vertical-sunflower-laura-grisham.bmp", "last": "/media/test_decision_lab/78imari.bmp"}}, {"model": "djreceive.forcedchoice", "pk": 14, "fields": {"internal_node_id": "0.0-5.0-1.0", "trial_index": 33, "trial_type": "forcedchoice", "time_elapsed": 67035, "timeout": false, "run": 8, "extra_data": "{\"chosen_idx\":1}", "rt": 32, "chosen": 1, "leftRating": 1, "rightRating": 2, "first": "/media/test_decision_lab/82African-Art-Paintings-002.bmp", "last": "/media/test_decision_lab/84_7-CV-50.bmp"}}, {"model": "djreceive.forcedchoice", "pk": 15, "fields": {"internal_node_id": "0.0-5.0-2.0", "trial_index": 34, "trial_type": "forcedchoice", "time_elapsed": 68723, "timeout": false, "run": 8, "extra_data": "{\"chosen_idx\":0}", "rt": 471, "chosen": 0, "leftRating": 2, "rightRating": 0, "first": "/media/test_decision_lab/90Landscape_Painting_by_lorienelf.bmp", "last": "/media/test_decision_lab/86original-paintings-two-lovely-australian-terrier.bmp"}}, {"model": "djreceive.forcedchoice", "pk": 16, "fields": {"internal_node_id": "0.0-5.0-3.0", "trial_index": 35, "trial_type": "forcedchoice", "time_elapsed": 70387, "timeout": false, "run": 8, "extra_data": "{\"chosen_idx\":1}", "rt": 453, "chosen": 1, "leftRating": 3, "rightRating": 2, "first": "/media/test_decision_lab/97Animal-Oil-Painting-Art-Painting-On-100-Canvas-AN-10013-A-.bmp", "last": "/media/test_decision_lab/85_2003_cuban_painting_alberto_4_la_cola.bmp"}}, {"model": "djreceive.forcedchoice", "pk": 17, "fields": {"internal_node_id": "0.0-5.0-4.0", "trial_index": 36, "trial_type": "forcedchoice", "time_elapsed": 72251, "timeout": false, "run": 8, "extra_data": "{\"chosen_idx\":0}", "rt": 650, "chosen": 0, "leftRating": 1, "rightRating": 0, "first": "/media/test_decision_lab/79ikenaga yasunari (15).bmp", "last": "/media/test_decision_lab/98_009-113.bmp"}}, {"model": "djreceive.forcedchoice", "pk": 18, "fields": {"internal_node_id": "0.0-5.0-5.0", "trial_index": 37, "trial_type": "forcedchoice", "time_elapsed": 73996, "timeout": false, "run": 8, "extra_data": "{\"chosen_idx\":1}", "rt": 522, "chosen": 1, "leftRating": 3, "rightRating": 1, "first": "/media/test_decision_lab/76walker-1.bmp", "last": "/media/test_decision_lab/91landscape-painting-6.bmp"}}, {"model": "djreceive.forcedchoice", "pk": 19, "fields": {"internal_node_id": "0.0-5.0-6.0", "trial_index": 38, "trial_type": "forcedchoice", "time_elapsed": 75835, "timeout": false, "run": 8, "extra_data": "{\"chosen_idx\":0}", "rt": 627, "chosen": 0, "leftRating": 0, "rightRating": 0, "first": "/media/test_decision_lab/74painting-02.bmp", "last": "/media/test_decision_lab/88look-of-Egyption-750x1024.bmp"}}, {"model": "djreceive.forcedchoice", "pk": 20, "fields": {"internal_node_id": "0.0-5.0-7.0", "trial_index": 39, "trial_type": "forcedchoice", "time_elapsed": 77643, "timeout": false, "run": 8, "extra_data": "{\"chosen_idx\":1}", "rt": 598, "chosen": 1, "leftRating": 0, "rightRating": 2, "first": "/media/test_decision_lab/94-realistic-painting-musician.bmp", "last": "/media/test_decision_lab/83AFRICAN_RHYTHM_PAINT_XL.bmp"}}, {"model": "djreceive.forcedchoice", "pk": 21, "fields": {"internal_node_id": "0.0-5.0-8.0", "trial_index": 40, "trial_type": "forcedchoice", "time_elapsed": 79547, "timeout": false, "run": 8, "extra_data": "{\"chosen_idx\":0}", "rt": 695, "chosen": 0, "leftRating": 1, "rightRating": 0, "first": "/media/test_decision_lab/78imari.bmp", "last": "/media/test_decision_lab/94-realistic-painting-musician.bmp"}}, {"model": "djreceive.forcedchoice", "pk": 22, "fields": {"internal_node_id": "0.0-5.0-9.0", "trial_index": 41, "trial_type": "forcedchoice", "time_elapsed": 81643, "timeout": false, "run": 8, "extra_data": "{\"chosen_idx\":1}", "rt": 886, "chosen": 1, "leftRating": 1, "rightRating": 1, "first": "/media/test_decision_lab/75art-nouveau-cat-painting.bmp", "last": "/media/test_decision_lab/95Cherry_Ripe_1879.bmp"}}, {"model": "djreceive.forcedchoice", "pk": 23, "fields": {"internal_node_id": "0.0-5.0-10.0", "trial_index": 42, "trial_type": "forcedchoice", "time_elapsed": 85572, "timeout": false, "run": 8, "extra_data": "{\"chosen_idx\":0}", "rt": 2713, "chosen": 0, "leftRating": 3, "rightRating": 3, "first": "/media/test_decision_lab/99dolphin-and-sun-1000.bmp", "last": "/media/test_decision_lab/92Goyo Dominguez 1960.bmp"}}, {"model": "djreceive.forcedchoice", "pk": 24, "fields": {"internal_node_id": "0.0-5.0-11.0", "trial_index": 43, "trial_type": "forcedchoice", "time_elapsed": 89251, "timeout": false, "run": 8, "extra_data": "{\"chosen_idx\":1}", "rt": 2447, "chosen": 1, "leftRating": 2, "rightRating": 2, "first": "/media/test_decision_lab/87the_dawn.bmp", "last": "/media/test_decision_lab/90Landscape_Painting_by_lorienelf.bmp"}}, {"model": "djreceive.rating", "pk": 85, "fields": {"internal_node_id": "0.0-2.0-0.0", "trial_index": 2, "trial_type": "rating", "time_elapsed": 12910, "timeout": false, "run": 6, "extra_data": "{}", "rt": 2739, "rating": 0, "stimulus": "/media/test_decision_lab/99dolphin-and-sun-1000.bmp"}}, {"model": "djreceive.rating", "pk": 86, "fields": {"internal_node_id": "0.0-2.0-1.0", "trial_index": 3, "trial_type": "rating", "time_elapsed": 14565, "timeout": false, "run": 6, "extra_data": "{}", "rt": 653, "rating": 1, "stimulus": "/media/test_decision_lab/80il_570xN.bmp"}}, {"model": "djreceive.rating", "pk": 87, "fields": {"internal_node_id": "0.0-2.0-2.0", "trial_index": 4, "trial_type": "rating", "time_elapsed": 16021, "timeout": false, "run": 6, "extra_data": "{}", "rt": 454, "rating": 2, "stimulus": "/media/test_decision_lab/87the_dawn.bmp"}}, {"model": "djreceive.rating", "pk": 88, "fields": {"internal_node_id": "0.0-2.0-3.0", "trial_index": 5, "trial_type": "rating", "time_elapsed": 17413, "timeout": false, "run": 6, "extra_data": "{}", "rt": 391, "rating": 3, "stimulus": "/media/test_decision_lab/79ikenaga yasunari (15).bmp"}}, {"model": "djreceive.rating", "pk": 89, "fields": {"internal_node_id": "0.0-2.0-4.0", "trial_index": 6, "trial_type": "rating", "time_elapsed": 18885, "timeout": false, "run": 6, "extra_data": "{}", "rt": 471, "rating": 0, "stimulus": "/media/test_decision_lab/95Cherry_Ripe_1879.bmp"}}, {"model": "djreceive.rating", "pk": 90, "fields": {"internal_node_id": "0.0-2.0-5.0", "trial_index": 7, "trial_type": "rating", "time_elapsed": 20237, "timeout": false, "run": 6, "extra_data": "{}", "rt": 351, "rating": 1, "stimulus": "/media/test_decision_lab/77vertical-sunflower-laura-grisham.bmp"}}, {"model": "djreceive.rating", "pk": 91, "fields": {"internal_node_id": "0.0-2.0-6.0", "trial_index": 8, "trial_type": "rating", "time_elapsed": 21573, "timeout": false, "run": 6, "extra_data": "{}", "rt": 335, "rating": 2, "stimulus": "/media/test_decision_lab/78imari.bmp"}}, {"model": "djreceive.rating", "pk": 92, "fields": {"internal_node_id": "0.0-2.0-7.0", "trial_index": 9, "trial_type": "rating", "time_elapsed": 23005, "timeout": false, "run": 6, "extra_data": "{}", "rt": 431, "rating": 3, "stimulus": "/media/test_decision_lab/75art-nouveau-cat-painting.bmp"}}, {"model": "djreceive.rating", "pk": 93, "fields": {"internal_node_id": "0.0-2.0-8.0", "trial_index": 10, "trial_type": "rating", "time_elapsed": 24645, "timeout": false, "run": 6, "extra_data": "{}", "rt": 638, "rating": 0, "stimulus": "/media/test_decision_lab/86original-paintings-two-lovely-australian-terrier.bmp"}}, {"model": "djreceive.rating", "pk": 94, "fields": {"internal_node_id": "0.0-2.0-9.0", "trial_index": 11, "trial_type": "rating", "time_elapsed": 26093, "timeout": false, "run": 6, "extra_data": "{}", "rt": 446, "rating": 1, "stimulus": "/media/test_decision_lab/96abstract-flower-botanical-watercolor-painting-print-svetlana-novikova.bmp"}}, {"model": "djreceive.rating", "pk": 95, "fields": {"internal_node_id": "0.0-2.0-10.0", "trial_index": 12, "trial_type": "rating", "time_elapsed": 27405, "timeout": false, "run": 6, "extra_data": "{}", "rt": 309, "rating": 2, "stimulus": "/media/test_decision_lab/82African-Art-Paintings-002.bmp"}}, {"model": "djreceive.rating", "pk": 96, "fields": {"internal_node_id": "0.0-2.0-11.0", "trial_index": 13, "trial_type": "rating", "time_elapsed": 28749, "timeout": false, "run": 6, "extra_data": "{}", "rt": 343, "rating": 3, "stimulus": "/media/test_decision_lab/93Sergey Kustarev.bmp"}}, {"model": "djreceive.rating", "pk": 97, "fields": {"internal_node_id": "0.0-2.0-12.0", "trial_index": 14, "trial_type": "rating", "time_elapsed": 30117, "timeout": false, "run": 6, "extra_data": "{}", "rt": 365, "rating": 0, "stimulus": "/media/test_decision_lab/97Animal-Oil-Painting-Art-Painting-On-100-Canvas-AN-10013-A-.bmp"}}, {"model": "djreceive.rating", "pk": 98, "fields": {"internal_node_id": "0.0-2.0-13.0", "trial_index": 15, "trial_type": "rating", "time_elapsed": 31453, "timeout": false, "run": 6, "extra_data": "{}", "rt": 334, "rating": 1, "stimulus": "/media/test_decision_lab/84_7-CV-50.bmp"}}, {"model": "djreceive.rating", "pk": 99, "fields": {"internal_node_id": "0.0-2.0-14.0", "trial_index": 16, "trial_type": "rating", "time_elapsed": 33045, "timeout": false, "run": 6, "extra_data": "{}", "rt": 591, "rating": 2, "stimulus": "/media/test_decision_lab/83AFRICAN_RHYTHM_PAINT_XL.bmp"}}, {"model": "djreceive.rating", "pk": 100, "fields": {"internal_node_id": "0.0-2.0-15.0", "trial_index": 17, "trial_type": "rating", "time_elapsed": 34405, "timeout": false, "run": 6, "extra_data": "{}", "rt": 358, "rating": 3, "stimulus": "/media/test_decision_lab/74painting-02.bmp"}}, {"model": "djreceive.rating", "pk": 101, "fields": {"internal_node_id": "0.0-2.0-16.0", "trial_index": 18, "trial_type": "rating", "time_elapsed": 35877, "timeout": false, "run": 6, "extra_data": "{}", "rt": 471, "rating": 0, "stimulus": "/media/test_decision_lab/98_009-113.bmp"}}, {"model": "djreceive.rating", "pk": 102, "fields": {"internal_node_id": "0.0-2.0-17.0", "trial_index": 19, "trial_type": "rating", "time_elapsed": 37470, "timeout": false, "run": 6, "extra_data": "{}", "rt": 591, "rating": 1, "stimulus": "/media/test_decision_lab/94-realistic-painting-musician.bmp"}}, {"model": "djreceive.rating", "pk": 103, "fields": {"internal_node_id": "0.0-2.0-18.0", "trial_index": 20, "trial_type": "rating", "time_elapsed": 38846, "timeout": false, "run": 6, "extra_data": "{}", "rt": 375, "rating": 2, "stimulus": "/media/test_decision_lab/76walker-1.bmp"}}, {"model": "djreceive.rating", "pk": 104, "fields": {"internal_node_id": "0.0-2.0-19.0", "trial_index": 21, "trial_type": "rating", "time_elapsed": 40221, "timeout": false, "run": 6, "extra_data": "{}", "rt": 373, "rating": 3, "stimulus": "/media/test_decision_lab/81traditional-thai-paintings-lotus.bmp"}}, {"model": "djreceive.rating", "pk": 105, "fields": {"internal_node_id": "0.0-2.0-20.0", "trial_index": 22, "trial_type": "rating", "time_elapsed": 41701, "timeout": false, "run": 6, "extra_data": "{}", "rt": 479, "rating": 0, "stimulus": "/media/test_decision_lab/92Goyo Dominguez 1960.bmp"}}, {"model": "djreceive.rating", "pk": 106, "fields": {"internal_node_id": "0.0-2.0-21.0", "trial_index": 23, "trial_type": "rating", "time_elapsed": 43165, "timeout": false, "run": 6, "extra_data": "{}", "rt": 461, "rating": 1, "stimulus": "/media/test_decision_lab/72Hundertwasser-Blobs-Grow.bmp"}}, {"model": "djreceive.rating", "pk": 107, "fields": {"internal_node_id": "0.0-2.0-22.0", "trial_index": 24, "trial_type": "rating", "time_elapsed": 44589, "timeout": false, "run": 6, "extra_data": "{}", "rt": 423, "rating": 2, "stimulus": "/media/test_decision_lab/85_2003_cuban_painting_alberto_4_la_cola.bmp"}}, {"model": "djreceive.rating", "pk": 108, "fields": {"internal_node_id": "0.0-2.0-23.0", "trial_index": 25, "trial_type": "rating", "time_elapsed": 46021, "timeout": false, "run": 6, "extra_data": "{}", "rt": 430, "rating": 3, "stimulus": "/media/test_decision_lab/88look-of-Egyption-750x1024.bmp"}}, {"model": "djreceive.rating", "pk": 109, "fields": {"internal_node_id": "0.0-2.0-24.0", "trial_index": 26, "trial_type": "rating", "time_elapsed": 47757, "timeout": false, "run": 6, "extra_data": "{}", "rt": 734, "rating": 0, "stimulus": "/media/test_decision_lab/90Landscape_Painting_by_lorienelf.bmp"}}, {"model": "djreceive.rating", "pk": 110, "fields": {"internal_node_id": "0.0-2.0-25.0", "trial_index": 27, "trial_type": "rating", "time_elapsed": 49677, "timeout": false, "run": 6, "extra_data": "{}", "rt": 917, "rating": 1, "stimulus": "/media/test_decision_lab/73painting-10.bmp"}}, {"model": "djreceive.rating", "pk": 111, "fields": {"internal_node_id": "0.0-2.0-26.0", "trial_index": 28, "trial_type": "rating", "time_elapsed": 51445, "timeout": false, "run": 6, "extra_data": "{}", "rt": 766, "rating": 2, "stimulus": "/media/test_decision_lab/91landscape-painting-6.bmp"}}, {"model": "djreceive.rating", "pk": 112, "fields": {"internal_node_id": "0.0-2.0-27.0", "trial_index": 29, "trial_type": "rating", "time_elapsed": 52837, "timeout": false, "run": 6, "extra_data": "{}", "rt": 390, "rating": 3, "stimulus": "/media/test_decision_lab/89timthumb.bmp"}}, {"model": "djreceive.rating", "pk": 113, "fields": {"internal_node_id": "0.0-3.0-0.0", "trial_index": 3, "trial_type": "rating", "time_elapsed": 13203, "timeout": false, "run": 8, "extra_data": "{}", "rt": 1661, "rating": 0, "stimulus": "/media/test_decision_lab/88look-of-Egyption-750x1024.bmp"}}, {"model": "djreceive.rating", "pk": 114, "fields": {"internal_node_id": "0.0-3.0-1.0", "trial_index": 4, "trial_type": "rating", "time_elapsed": 15363, "timeout": false, "run": 8, "extra_data": "{}", "rt": 1152, "rating": 1, "stimulus": "/media/test_decision_lab/82African-Art-Paintings-002.bmp"}}, {"model": "djreceive.rating", "pk": 115, "fields": {"internal_node_id": "0.0-3.0-2.0", "trial_index": 5, "trial_type": "rating", "time_elapsed": 16995, "timeout": false, "run": 8, "extra_data": "{}", "rt": 615, "rating": 2, "stimulus": "/media/test_decision_lab/80il_570xN.bmp"}}, {"model": "djreceive.rating", "pk": 116, "fields": {"internal_node_id": "0.0-3.0-3.0", "trial_index": 6, "trial_type": "rating", "time_elapsed": 18474, "timeout": false, "run": 8, "extra_data": "{}", "rt": 473, "rating": 3, "stimulus": "/media/test_decision_lab/92Goyo Dominguez 1960.bmp"}}, {"model": "djreceive.rating", "pk": 117, "fields": {"internal_node_id": "0.0-3.0-4.0", "trial_index": 7, "trial_type": "rating", "time_elapsed": 20299, "timeout": false, "run": 8, "extra_data": "{}", "rt": 811, "rating": 0, "stimulus": "/media/test_decision_lab/73painting-10.bmp"}}, {"model": "djreceive.rating", "pk": 118, "fields": {"internal_node_id": "0.0-3.0-5.0", "trial_index": 8, "trial_type": "rating", "time_elapsed": 21755, "timeout": false, "run": 8, "extra_data": "{}", "rt": 453, "rating": 1, "stimulus": "/media/test_decision_lab/75art-nouveau-cat-painting.bmp"}}, {"model": "djreceive.rating", "pk": 119, "fields": {"internal_node_id": "0.0-3.0-6.0", "trial_index": 9, "trial_type": "rating", "time_elapsed": 23163, "timeout": false, "run": 8, "extra_data": "{}", "rt": 399, "rating": 2, "stimulus": "/media/test_decision_lab/87the_dawn.bmp"}}, {"model": "djreceive.rating", "pk": 120, "fields": {"internal_node_id": "0.0-3.0-7.0", "trial_index": 10, "trial_type": "rating", "time_elapsed": 25267, "timeout": false, "run": 8, "extra_data": "{}", "rt": 1090, "rating": 3, "stimulus": "/media/test_decision_lab/97Animal-Oil-Painting-Art-Painting-On-100-Canvas-AN-10013-A-.bmp"}}, {"model": "djreceive.rating", "pk": 121, "fields": {"internal_node_id": "0.0-3.0-8.0", "trial_index": 11, "trial_type": "rating", "time_elapsed": 26851, "timeout": false, "run": 8, "extra_data": "{}", "rt": 582, "rating": 0, "stimulus": "/media/test_decision_lab/98_009-113.bmp"}}, {"model": "djreceive.rating", "pk": 122, "fields": {"internal_node_id": "0.0-3.0-9.0", "trial_index": 12, "trial_type": "rating", "time_elapsed": 28395, "timeout": false, "run": 8, "extra_data": "{}", "rt": 535, "rating": 1, "stimulus": "/media/test_decision_lab/78imari.bmp"}}, {"model": "djreceive.rating", "pk": 123, "fields": {"internal_node_id": "0.0-3.0-10.0", "trial_index": 13, "trial_type": "rating", "time_elapsed": 29787, "timeout": false, "run": 8, "extra_data": "{}", "rt": 381, "rating": 2, "stimulus": "/media/test_decision_lab/90Landscape_Painting_by_lorienelf.bmp"}}, {"model": "djreceive.rating", "pk": 124, "fields": {"internal_node_id": "0.0-3.0-11.0", "trial_index": 14, "trial_type": "rating", "time_elapsed": 31235, "timeout": false, "run": 8, "extra_data": "{}", "rt": 441, "rating": 3, "stimulus": "/media/test_decision_lab/99dolphin-and-sun-1000.bmp"}}, {"model": "djreceive.rating", "pk": 125, "fields": {"internal_node_id": "0.0-3.0-12.0", "trial_index": 15, "trial_type": "rating", "time_elapsed": 32931, "timeout": false, "run": 8, "extra_data": "{}", "rt": 694, "rating": 0, "stimulus": "/media/test_decision_lab/94-realistic-painting-musician.bmp"}}, {"model": "djreceive.rating", "pk": 126, "fields": {"internal_node_id": "0.0-3.0-13.0", "trial_index": 16, "trial_type": "rating", "time_elapsed": 34459, "timeout": false, "run": 8, "extra_data": "{}", "rt": 521, "rating": 1, "stimulus": "/media/test_decision_lab/91landscape-painting-6.bmp"}}, {"model": "djreceive.rating", "pk": 127, "fields": {"internal_node_id": "0.0-3.0-14.0", "trial_index": 17, "trial_type": "rating", "time_elapsed": 36035, "timeout": false, "run": 8, "extra_data": "{}", "rt": 574, "rating": 2, "stimulus": "/media/test_decision_lab/93Sergey Kustarev.bmp"}}, {"model": "djreceive.rating", "pk": 128, "fields": {"internal_node_id": "0.0-3.0-15.0", "trial_index": 18, "trial_type": "rating", "time_elapsed": 37730, "timeout": false, "run": 8, "extra_data": "{}", "rt": 684, "rating": 3, "stimulus": "/media/test_decision_lab/96abstract-flower-botanical-watercolor-painting-print-svetlana-novikova.bmp"}}, {"model": "djreceive.rating", "pk": 129, "fields": {"internal_node_id": "0.0-3.0-16.0", "trial_index": 19, "trial_type": "rating", "time_elapsed": 39867, "timeout": false, "run": 8, "extra_data": "{}", "rt": 1130, "rating": 0, "stimulus": "/media/test_decision_lab/81traditional-thai-paintings-lotus.bmp"}}, {"model": "djreceive.rating", "pk": 130, "fields": {"internal_node_id": "0.0-3.0-17.0", "trial_index": 20, "trial_type": "rating", "time_elapsed": 41779, "timeout": false, "run": 8, "extra_data": "{}", "rt": 907, "rating": 1, "stimulus": "/media/test_decision_lab/79ikenaga yasunari (15).bmp"}}, {"model": "djreceive.rating", "pk": 131, "fields": {"internal_node_id": "0.0-3.0-18.0", "trial_index": 21, "trial_type": "rating", "time_elapsed": 43699, "timeout": false, "run": 8, "extra_data": "{}", "rt": 907, "rating": 2, "stimulus": "/media/test_decision_lab/83AFRICAN_RHYTHM_PAINT_XL.bmp"}}, {"model": "djreceive.rating", "pk": 132, "fields": {"internal_node_id": "0.0-3.0-19.0", "trial_index": 22, "trial_type": "rating", "time_elapsed": 45578, "timeout": false, "run": 8, "extra_data": "{}", "rt": 863, "rating": 3, "stimulus": "/media/test_decision_lab/76walker-1.bmp"}}, {"model": "djreceive.rating", "pk": 133, "fields": {"internal_node_id": "0.0-3.0-20.0", "trial_index": 23, "trial_type": "rating", "time_elapsed": 47515, "timeout": false, "run": 8, "extra_data": "{}", "rt": 932, "rating": 0, "stimulus": "/media/test_decision_lab/74painting-02.bmp"}}, {"model": "djreceive.rating", "pk": 134, "fields": {"internal_node_id": "0.0-3.0-21.0", "trial_index": 24, "trial_type": "rating", "time_elapsed": 49371, "timeout": false, "run": 8, "extra_data": "{}", "rt": 854, "rating": 1, "stimulus": "/media/test_decision_lab/89timthumb.bmp"}}, {"model": "djreceive.rating", "pk": 135, "fields": {"internal_node_id": "0.0-3.0-22.0", "trial_index": 25, "trial_type": "rating", "time_elapsed": 51243, "timeout": false, "run": 8, "extra_data": "{}", "rt": 869, "rating": 2, "stimulus": "/media/test_decision_lab/84_7-CV-50.bmp"}}, {"model": "djreceive.rating", "pk": 136, "fields": {"internal_node_id": "0.0-3.0-23.0", "trial_index": 26, "trial_type": "rating", "time_elapsed": 54827, "timeout": false, "run": 8, "extra_data": "{}", "rt": 2582, "rating": 3, "stimulus": "/media/test_decision_lab/77vertical-sunflower-laura-grisham.bmp"}}, {"model": "djreceive.rating", "pk": 137, "fields": {"internal_node_id": "0.0-3.0-24.0", "trial_index": 27, "trial_type": "rating", "time_elapsed": 56675, "timeout": false, "run": 8, "extra_data": "{}", "rt": 839, "rating": 0, "stimulus": "/media/test_decision_lab/86original-paintings-two-lovely-australian-terrier.bmp"}}, {"model": "djreceive.rating", "pk": 138, "fields": {"internal_node_id": "0.0-3.0-25.0", "trial_index": 28, "trial_type": "rating", "time_elapsed": 59026, "timeout": false, "run": 8, "extra_data": "{}", "rt": 1346, "rating": 1, "stimulus": "/media/test_decision_lab/95Cherry_Ripe_1879.bmp"}}, {"model": "djreceive.rating", "pk": 139, "fields": {"internal_node_id": "0.0-3.0-26.0", "trial_index": 29, "trial_type": "rating", "time_elapsed": 60723, "timeout": false, "run": 8, "extra_data": "{}", "rt": 687, "rating": 2, "stimulus": "/media/test_decision_lab/85_2003_cuban_painting_alberto_4_la_cola.bmp"}}, {"model": "djreceive.rating", "pk": 140, "fields": {"internal_node_id": "0.0-3.0-27.0", "trial_index": 30, "trial_type": "rating", "time_elapsed": 62627, "timeout": false, "run": 8, "extra_data": "{}", "rt": 896, "rating": 3, "stimulus": "/media/test_decision_lab/72Hundertwasser-Blobs-Grow.bmp"}}, {"model": "djreceive.surveylikert", "pk": 1, "fields": {"internal_node_id": "0.0-1.0", "trial_index": 1, "trial_type": "survey-likert", "time_elapsed": 9162, "timeout": false, "run": 6, "extra_data": "{}", "rt": 4333, "responses": "\"{\\\"Q0\\\":\\\"1\\\",\\\"Q1\\\":\\\"1\\\",\\\"Q2\\\":\\\"1\\\"}\""}}, {"model": "djreceive.surveylikert", "pk": 2, "fields": {"internal_node_id": "0.0-1.0", "trial_index": 1, "trial_type": "survey-likert", "time_elapsed": 8126, "timeout": false, "run": 8, "extra_data": "{}", "rt": 3548, "responses": "\"{\\\"Q0\\\":\\\"2\\\",\\\"Q1\\\":\\\"2\\\",\\\"Q2\\\":\\\"2\\\"}\""}}, {"model": "djreceive.surveymultichoice", "pk": 7, "fields": {"internal_node_id": "0.0-0.0", "trial_index": 0, "trial_type": "survey-multi-choice", "time_elapsed": 3810, "timeout": false, "run": 6, "extra_data": "{\"rt\":3794}", "responses": "\"{\\\"Q0\\\":\\\"Male\\\",\\\"Q1\\\":\\\"45-54 years old\\\"}\""}}, {"model": "djreceive.surveymultichoice", "pk": 8, "fields": {"internal_node_id": "0.0-5.0", "trial_index": 43, "trial_type": "survey-multi-choice", "time_elapsed": 78592, "timeout": false, "run": 6, "extra_data": "{\"rt\":3566}", "responses": "\"{\\\"Q0\\\":\\\"no\\\",\\\"Q1\\\":\\\"no\\\",\\\"Q2\\\":\\\"yes\\\"}\""}}, {"model": "djreceive.surveymultichoice", "pk": 9, "fields": {"internal_node_id": "0.0-0.0", "trial_index": 0, "trial_type": "survey-multi-choice", "time_elapsed": 3559, "timeout": false, "run": 8, "extra_data": "{\"rt\":3534}", "responses": "\"{\\\"Q0\\\":\\\"Male\\\",\\\"Q1\\\":\\\"35-44 years old\\\"}\""}}, {"model": "djreceive.surveymultichoice", "pk": 10, "fields": {"internal_node_id": "0.0-6.0", "trial_index": 44, "trial_type": "survey-multi-choice", "time_elapsed": 97109, "timeout": false, "run": 8, "extra_data": "{\"rt\":6837}", "responses": "\"{\\\"Q0\\\":\\\"no\\\",\\\"Q1\\\":\\\"yes\\\",\\\"Q2\\\":\\\"no\\\"}\""}}, {"model": "djsend.instruction", "pk": 1, "fields": {"content_type": 27, "object_id": 1, "text": "hey! lets try this thing", "text_en": "hey! lets try this thing", "text_fr": "", "text_es": "", "order": 1, "after": false, "css_class": ""}}, {"model": "djsend.instruction", "pk": 2, "fields": {"content_type": 51, "object_id": 1, "text": "Your title here...\r\n==================\r\n\r\n**this a bold stuff**", "text_en": "Your title here...\r\n==================\r\n\r\n**this a bold stuff**", "text_fr": "", "text_es": "", "order": 1, "after": false, "css_class": ""}}, {"model": "djsend.basestimuli", "pk": 1, "fields": {"content_type": 49, "object_id": 1}}, {"model": "djsend.basestimuli", "pk": 2, "fields": {"content_type": 49, "object_id": 1}}, {"model": "djsend.basestimuli", "pk": 3, "fields": {"content_type": 49, "object_id": 1}}, {"model": "djsend.basestimuli", "pk": 4, "fields": {"content_type": 50, "object_id": 1}}, {"model": "djsend.basestimuli", "pk": 5, "fields": {"content_type": 50, "object_id": 1}}, {"model": "djsend.basestimuli", "pk": 6, "fields": {"content_type": 50, "object_id": 1}}, {"model": "djsend.basestimuli", "pk": 7, "fields": {"content_type": 49, "object_id": 2}}, {"model": "djsend.basestimuli", "pk": 8, "fields": {"content_type": 49, "object_id": 2}}, {"model": "djsend.basestimuli", "pk": 9, "fields": {"content_type": 50, "object_id": 2}}, {"model": "djsend.basestimuli", "pk": 10, "fields": {"content_type": 50, "object_id": 2}}, {"model": "djsend.basestimuli", "pk": 11, "fields": {"content_type": 50, "object_id": 2}}, {"model": "djsend.question", "pk": 1, "fields": {"question_label": "Do you authorize percept to relay your email adress to this experiment researchers to be entered in a draw for a 500$ gift card to Amazon.ca?", "question_label_en": "Do you authorize percept to relay your email adress to this experiment researchers to be entered in a draw for a 500$ gift card to Amazon.ca?", "question_label_fr": "", "question_label_es": "", "answer_options": "yes,no", "answer_options_en": "yes,no", "answer_options_fr": "", "answer_options_es": "", "required": true}}, {"model": "djsend.question", "pk": 2, "fields": {"question_label": "Do you authorize percept to relay your email adress to this experiment researchers, so they can contact you to participate in a similar online follow up study?", "question_label_en": "Do you authorize percept to relay your email adress to this experiment researchers, so they can contact you to participate in a similar online follow up study?", "question_label_fr": "", "question_label_es": "", "answer_options": "yes,no", "answer_options_en": "yes,no", "answer_options_fr": "", "answer_options_es": "", "required": true}}, {"model": "djsend.question", "pk": 3, "fields": {"question_label": "If you live in the Montreal (Qc) area : Would you be interested in coming in to the lab to participate in one of our other studies and do you authorize percept to relay you email adress to this experiment researchers, so they can contact you?", "question_label_en": "If you live in the Montreal (Qc) area : Would you be interested in coming in to the lab to participate in one of our other studies and do you authorize percept to relay you email adress to this experiment researchers, so they can contact you?", "question_label_fr": "", "question_label_es": "", "answer_options": "yes,no", "answer_options_en": "yes,no", "answer_options_fr": "", "answer_options_es": "", "required": true}}, {"model": "djsend.question", "pk": 4, "fields": {"question_label": "Do you authorize percept to relay your email adress to this experiment researchers to be entered in a draw for a 500$ gift card to Amazon.ca?", "question_label_en": "Do you authorize percept to relay your email adress to this experiment researchers to be entered in a draw for a 500$ gift card to Amazon.ca?", "question_label_fr": "", "question_label_es": "", "answer_options": "1,,,4", "answer_options_en": "1,,,4", "answer_options_fr": "", "answer_options_es": "", "required": true}}, {"model": "djsend.question", "pk": 5, "fields": {"question_label": "If you live in the Montreal (Qc) area : Would you be interested in coming in to the lab to participate in one of our other studies and do you authorize percept to relay you email adress to this experiment researchers, so they can contact you?", "question_label_en": "If you live in the Montreal (Qc) area : Would you be interested in coming in to the lab to participate in one of our other studies and do you authorize percept to relay you email adress to this experiment researchers, so they can contact you?", "question_label_fr": "", "question_label_es": "", "answer_options": "1,,,4", "answer_options_en": "1,,,4", "answer_options_fr": "", "answer_options_es": "", "required": false}}, {"model": "djsend.question", "pk": 6, "fields": {"question_label": "Do you authorize percept to relay your email adress to this experiment researchers, so they can contact you to participate in a similar online follow up study?", "question_label_en": "Do you authorize percept to relay your email adress to this experiment researchers, so they can contact you to participate in a similar online follow up study?", "question_label_fr": "", "question_label_es": "", "answer_options": "1,,,4", "answer_options_en": "1,,,4", "answer_options_fr": "", "answer_options_es": "", "required": false}}, {"model": "djsend.question", "pk": 7, "fields": {"question_label": "1. Please specify whether you are:", "question_label_en": "1. Please specify whether you are:", "question_label_fr": "", "question_label_es": "", "answer_options": "Male,Female,Other", "answer_options_en": "Male,Female,Other", "answer_options_fr": "", "answer_options_es": "", "required": false}}, {"model": "djsend.question", "pk": 8, "fields": {"question_label": "2. What is your age?", "question_label_en": "2. What is your age?", "question_label_fr": "", "question_label_es": "", "answer_options": "18-24 years old,25-34 years old,35-44 years old,45-54 years old,55-64 years old,65-74 years old,75 years or older", "answer_options_en": "18-24 years old,25-34 years old,35-44 years old,45-54 years old,55-64 years old,65-74 years old,75 years or older", "answer_options_fr": "", "answer_options_es": "", "required": false}}, {"model": "djsend.question", "pk": 9, "fields": {"question_label": "1. I see myself as extraverted, enthusiastic.", "question_label_en": "1. I see myself as extraverted, enthusiastic.", "question_label_fr": "", "question_label_es": "", "answer_options": "1. Disagree strongly,2. Disagree moderately,3. Disagree a little,4. Neither agree nor disagree,5. Agree a little,6. Agree moderately,7. Agree strongly", "answer_options_en": "1. Disagree strongly,2. Disagree moderately,3. Disagree a little,4. Neither agree nor disagree,5. Agree a little,6. Agree moderately,7. Agree strongly", "answer_options_fr": "", "answer_options_es": "", "required": false}}, {"model": "djsend.question", "pk": 10, "fields": {"question_label": "2. I see myself as critical, quarrelsome", "question_label_en": "2. I see myself as critical, quarrelsome", "question_label_fr": "", "question_label_es": "", "answer_options": "1. Disagree strongly,2. Disagree moderately,3. Disagree a little,4. Neither agree nor disagree,5. Agree a little,6. Agree moderately,7. Agree strongly", "answer_options_en": "1. Disagree strongly,2. Disagree moderately,3. Disagree a little,4. Neither agree nor disagree,5. Agree a little,6. Agree moderately,7. Agree strongly", "answer_options_fr": "", "answer_options_es": "", "required": false}}, {"model": "djsend.question", "pk": 11, "fields": {"question_label": "3. I see myself as dependable, self-disciplined.", "question_label_en": "3. I see myself as dependable, self-disciplined.", "question_label_fr": "", "question_label_es": "", "answer_options": "1. Disagree strongly,2. Disagree moderately,3. Disagree a little,4. Neither agree nor disagree,5. Agree a little,6. Agree moderately,7. Agree strongly", "answer_options_en": "1. Disagree strongly,2. Disagree moderately,3. Disagree a little,4. Neither agree nor disagree,5. Agree a little,6. Agree moderately,7. Agree strongly", "answer_options_fr": "", "answer_options_es": "", "required": false}}, {"model": "djsend.surveymultichoiceblock", "pk": 1, "fields": {"global_settings_type": 24, "global_settings_id": 4, "name": "ending questionnaire", "position_in_timeline": 5, "reprise": null, "length": null, "type": "survey-multi-choice", "save_with": 53, "has_practice": false, "extra_params": null, "preamble": "Thank you for completing this study!\r\nPlease note that, even if you check yes to one or many of the questions below, your personal information will not be associated with your results in this study such that your identity will remain anonymous", "preamble_en": "Thank you for completing this study!\r\nPlease note that, even if you check yes to one or many of the questions below, your personal information will not be associated with your results in this study such that your identity will remain anonymous", "preamble_fr": "", "preamble_es": "", "horizontal": true}}, {"model": "djsend.surveymultichoiceblock", "pk": 2, "fields": {"global_settings_type": 24, "global_settings_id": 4, "name": "socio-demo", "position_in_timeline": 1, "reprise": null, "length": null, "type": "survey-multi-choice", "save_with": 53, "has_practice": false, "extra_params": null, "preamble": "Those questions are here to know you better as a person...", "preamble_en": "Those questions are here to know you better as a person...", "preamble_fr": "", "preamble_es": "", "horizontal": false}}, {"model": "djsend.surveylikertblock", "pk": 1, "fields": {"global_settings_type": 24, "global_settings_id": 3, "name": "ending_questionnaire 2", "position_in_timeline": 4, "reprise": null, "length": null, "type": "survey-likert", "save_with": 46, "has_practice": false, "extra_params": null}}, {"model": "djsend.surveylikertblock", "pk": 2, "fields": {"global_settings_type": 24, "global_settings_id": 4, "name": "TIPI", "position_in_timeline": 2, "reprise": null, "length": null, "type": "survey-likert", "save_with": 46, "has_practice": false, "extra_params": null}}, {"model": "djsend.genericglobalsetting", "pk": 1, "fields": {"experiment": 3, "name": "this-one", "max_consecutive_timeouts": null, "max_total_timeouts": null, "fixation_cross": "", "extra_parameters": null}}, {"model": "djsend.genericglobalsetting", "pk": 2, "fields": {"experiment": 2, "name": "this-one", "max_consecutive_timeouts": null, "max_total_timeouts": null, "fixation_cross": "", "extra_parameters": null}}, {"model": "djsend.genericglobalsetting", "pk": 3, "fields": {"experiment": 4, "name": "tests", "max_consecutive_timeouts": null, "max_total_timeouts": null, "fixation_cross": "", "extra_parameters": null}}, {"model": "djsend.genericglobalsetting", "pk": 4, "fields": {"experiment": 4, "name": "final", "max_consecutive_timeouts": null, "max_total_timeouts": null, "fixation_cross": "", "extra_parameters": null}}, {"model": "djsend.similarityblock", "pk": 1, "fields": {"global_settings_type": 24, "global_settings_id": 1, "name": "first sim", "position_in_timeline": 1, "reprise": null, "length": 5, "type": "similarity", "save_with": 19, "has_practice": false, "extra_params": "{\"stimuli\":[[\"/media/marieExp/stimuli/business-cat.jpg\",\"/media/marieExp/stimuli/cats-politics-TN.jpg\"]]}", "intervals": 100, "show_ticks": false, "show_response": "SECOND_STIMULUS", "timing_first_stim": 1000, "timing_second_stim": 1000, "timing_image_gap": 500, "timing_post_trial": 100, "timeout": -1, "timeout_message": "faster", "timeout_message_en": "faster", "timeout_message_fr": null, "timeout_message_es": null, "prompt": "slide!", "prompt_en": "slide!", "prompt_fr": "", "prompt_es": "", "labels": "\"\"", "labels_en": null, "labels_fr": null, "labels_es": null}}, {"model": "djsend.ratingblock", "pk": 1, "fields": {"global_settings_type": 24, "global_settings_id": 4, "name": "rblock", "position_in_timeline": 3, "reprise": null, "length": null, "type": "rating", "save_with": 45, "has_practice": false, "extra_params": null, "is_html": false, "prompt": "", "prompt_en": "", "prompt_fr": "", "prompt_es": "", "response": "boxes", "labels": "", "intervals": "", "show_ticks": false, "choices": "-3,-2,-1,0,1,2,3", "choices_en": "-3,-2,-1,0,1,2,3", "choices_fr": "", "choices_es": ""}}, {"model": "djsend.forcedchoiceblock", "pk": 1, "fields": {"global_settings_type": 24, "global_settings_id": 4, "name": "forcedchoice", "position_in_timeline": 4, "reprise": null, "length": null, "type": "forcedchoice", "save_with": 44, "has_practice": false, "extra_params": null, "is_html": false, "timing_stim": -1, "timing_fixation": 200, "prompt": "Which picture do you prefer", "prompt_en": "Which picture do you prefer", "prompt_fr": "", "prompt_es": "", "keyboard": true, "key_choices": "q,w"}}, {"model": "account.emailconfirmation", "pk": 1, "fields": {"email_address": 1, "created": "2016-11-18T17:25:36.892Z", "sent": null, "key": "f6jqy8ldi8eoebfljksxmbdptd9vgtrqgay0ogvpfpzfdjunxraysrdizftcb9u8"}}, {"model": "socialaccount.socialapp", "pk": 1, "fields": {"provider": "google", "name": "Google", "client_id": "132456170574-tgpp5f6bqnfe345dpd0dt8e0cdcd9slh.apps.googleusercontent.com", "secret": "Fj6_KKPZgwB7Luq45U7Xm0R0", "key": "", "sites": [1]}}, {"model": "socialaccount.socialapp", "pk": 2, "fields": {"provider": "facebook", "name": "Facebook", "client_id": "1647969082120699", "secret": "c3b06eb4a2378ac03adb888ee7a3eebe", "key": "", "sites": [1]}}, {"model": "socialaccount.socialtoken", "pk": 1, "fields": {"app": 1, "account": 1, "token": "ya29.CjCfA5PoYM5aA16vWjkFgp--9hJRjfD9FbBX3G4mf1wDHHmfaPMf5zK4zZ3ww-eO2BE", "token_secret": "", "expires_at": "2016-11-23T22:24:58.298Z"}}, {"model": "auth.permission", "pk": 1, "fields": {"name": "Can add log entry", "content_type": 1, "codename": "add_logentry"}}, {"model": "auth.permission", "pk": 2, "fields": {"name": "Can change log entry", "content_type": 1, "codename": "change_logentry"}}, {"model": "auth.permission", "pk": 3, "fields": {"name": "Can delete log entry", "content_type": 1, "codename": "delete_logentry"}}, {"model": "auth.permission", "pk": 4, "fields": {"name": "Can add permission", "content_type": 2, "codename": "add_permission"}}, {"model": "auth.permission", "pk": 5, "fields": {"name": "Can change permission", "content_type": 2, "codename": "change_permission"}}, {"model": "auth.permission", "pk": 6, "fields": {"name": "Can delete permission", "content_type": 2, "codename": "delete_permission"}}, {"model": "auth.permission", "pk": 7, "fields": {"name": "Can add group", "content_type": 3, "codename": "add_group"}}, {"model": "auth.permission", "pk": 8, "fields": {"name": "Can change group", "content_type": 3, "codename": "change_group"}}, {"model": "auth.permission", "pk": 9, "fields": {"name": "Can delete group", "content_type": 3, "codename": "delete_group"}}, {"model": "auth.permission", "pk": 10, "fields": {"name": "Can add user", "content_type": 4, "codename": "add_user"}}, {"model": "auth.permission", "pk": 11, "fields": {"name": "Can change user", "content_type": 4, "codename": "change_user"}}, {"model": "auth.permission", "pk": 12, "fields": {"name": "Can delete user", "content_type": 4, "codename": "delete_user"}}, {"model": "auth.permission", "pk": 13, "fields": {"name": "Can add content type", "content_type": 5, "codename": "add_contenttype"}}, {"model": "auth.permission", "pk": 14, "fields": {"name": "Can change content type", "content_type": 5, "codename": "change_contenttype"}}, {"model": "auth.permission", "pk": 15, "fields": {"name": "Can delete content type", "content_type": 5, "codename": "delete_contenttype"}}, {"model": "auth.permission", "pk": 16, "fields": {"name": "Can add session", "content_type": 6, "codename": "add_session"}}, {"model": "auth.permission", "pk": 17, "fields": {"name": "Can change session", "content_type": 6, "codename": "change_session"}}, {"model": "auth.permission", "pk": 18, "fields": {"name": "Can delete session", "content_type": 6, "codename": "delete_session"}}, {"model": "auth.permission", "pk": 19, "fields": {"name": "Can add site", "content_type": 7, "codename": "add_site"}}, {"model": "auth.permission", "pk": 20, "fields": {"name": "Can change site", "content_type": 7, "codename": "change_site"}}, {"model": "auth.permission", "pk": 21, "fields": {"name": "Can delete site", "content_type": 7, "codename": "delete_site"}}, {"model": "auth.permission", "pk": 22, "fields": {"name": "Can add experiment", "content_type": 8, "codename": "add_experiment"}}, {"model": "auth.permission", "pk": 23, "fields": {"name": "Can change experiment", "content_type": 8, "codename": "change_experiment"}}, {"model": "auth.permission", "pk": 24, "fields": {"name": "Can delete experiment", "content_type": 8, "codename": "delete_experiment"}}, {"model": "auth.permission", "pk": 25, "fields": {"name": "Can add debrief", "content_type": 9, "codename": "add_debrief"}}, {"model": "auth.permission", "pk": 26, "fields": {"name": "Can change debrief", "content_type": 9, "codename": "change_debrief"}}, {"model": "auth.permission", "pk": 27, "fields": {"name": "Can delete debrief", "content_type": 9, "codename": "delete_debrief"}}, {"model": "auth.permission", "pk": 28, "fields": {"name": "Can add lobby", "content_type": 10, "codename": "add_lobby"}}, {"model": "auth.permission", "pk": 29, "fields": {"name": "Can change lobby", "content_type": 10, "codename": "change_lobby"}}, {"model": "auth.permission", "pk": 30, "fields": {"name": "Can delete lobby", "content_type": 10, "codename": "delete_lobby"}}, {"model": "auth.permission", "pk": 31, "fields": {"name": "Can add my experiment", "content_type": 8, "codename": "add_myexperiment"}}, {"model": "auth.permission", "pk": 32, "fields": {"name": "Can change my experiment", "content_type": 8, "codename": "change_myexperiment"}}, {"model": "auth.permission", "pk": 33, "fields": {"name": "Can delete my experiment", "content_type": 8, "codename": "delete_myexperiment"}}, {"model": "auth.permission", "pk": 34, "fields": {"name": "Can add subject", "content_type": 12, "codename": "add_subject"}}, {"model": "auth.permission", "pk": 35, "fields": {"name": "Can change subject", "content_type": 12, "codename": "change_subject"}}, {"model": "auth.permission", "pk": 36, "fields": {"name": "Can delete subject", "content_type": 12, "codename": "delete_subject"}}, {"model": "auth.permission", "pk": 37, "fields": {"name": "Can add profile entry", "content_type": 13, "codename": "add_profileentry"}}, {"model": "auth.permission", "pk": 38, "fields": {"name": "Can change profile entry", "content_type": 13, "codename": "change_profileentry"}}, {"model": "auth.permission", "pk": 39, "fields": {"name": "Can delete profile entry", "content_type": 13, "codename": "delete_profileentry"}}, {"model": "auth.permission", "pk": 40, "fields": {"name": "Can add payment", "content_type": 14, "codename": "add_payment"}}, {"model": "auth.permission", "pk": 41, "fields": {"name": "Can change payment", "content_type": 14, "codename": "change_payment"}}, {"model": "auth.permission", "pk": 42, "fields": {"name": "Can delete payment", "content_type": 14, "codename": "delete_payment"}}, {"model": "auth.permission", "pk": 43, "fields": {"name": "Can add participation", "content_type": 15, "codename": "add_participation"}}, {"model": "auth.permission", "pk": 44, "fields": {"name": "Can change participation", "content_type": 15, "codename": "change_participation"}}, {"model": "auth.permission", "pk": 45, "fields": {"name": "Can delete participation", "content_type": 15, "codename": "delete_participation"}}, {"model": "auth.permission", "pk": 46, "fields": {"name": "Can add researcher", "content_type": 16, "codename": "add_researcher"}}, {"model": "auth.permission", "pk": 47, "fields": {"name": "Can change researcher", "content_type": 16, "codename": "change_researcher"}}, {"model": "auth.permission", "pk": 48, "fields": {"name": "Can delete researcher", "content_type": 16, "codename": "delete_researcher"}}, {"model": "auth.permission", "pk": 49, "fields": {"name": "Can add run", "content_type": 17, "codename": "add_run"}}, {"model": "auth.permission", "pk": 50, "fields": {"name": "Can change run", "content_type": 17, "codename": "change_run"}}, {"model": "auth.permission", "pk": 51, "fields": {"name": "Can delete run", "content_type": 17, "codename": "delete_run"}}, {"model": "auth.permission", "pk": 52, "fields": {"name": "Can add categorization trial", "content_type": 18, "codename": "add_categorizationtrial"}}, {"model": "auth.permission", "pk": 53, "fields": {"name": "Can change categorization trial", "content_type": 18, "codename": "change_categorizationtrial"}}, {"model": "auth.permission", "pk": 54, "fields": {"name": "Can delete categorization trial", "content_type": 18, "codename": "delete_categorizationtrial"}}, {"model": "auth.permission", "pk": 55, "fields": {"name": "Can add similarity trial", "content_type": 19, "codename": "add_similaritytrial"}}, {"model": "auth.permission", "pk": 56, "fields": {"name": "Can change similarity trial", "content_type": 19, "codename": "change_similaritytrial"}}, {"model": "auth.permission", "pk": 57, "fields": {"name": "Can delete similarity trial", "content_type": 19, "codename": "delete_similaritytrial"}}, {"model": "auth.permission", "pk": 58, "fields": {"name": "Can add cog com similarity trial", "content_type": 20, "codename": "add_cogcomsimilaritytrial"}}, {"model": "auth.permission", "pk": 59, "fields": {"name": "Can change cog com similarity trial", "content_type": 20, "codename": "change_cogcomsimilaritytrial"}}, {"model": "auth.permission", "pk": 60, "fields": {"name": "Can delete cog com similarity trial", "content_type": 20, "codename": "delete_cogcomsimilaritytrial"}}, {"model": "auth.permission", "pk": 61, "fields": {"name": "Can add cog com html trial", "content_type": 21, "codename": "add_cogcomhtmltrial"}}, {"model": "auth.permission", "pk": 62, "fields": {"name": "Can change cog com html trial", "content_type": 21, "codename": "change_cogcomhtmltrial"}}, {"model": "auth.permission", "pk": 63, "fields": {"name": "Can delete cog com html trial", "content_type": 21, "codename": "delete_cogcomhtmltrial"}}, {"model": "auth.permission", "pk": 64, "fields": {"name": "Can add instruction", "content_type": 22, "codename": "add_instruction"}}, {"model": "auth.permission", "pk": 65, "fields": {"name": "Can change instruction", "content_type": 22, "codename": "change_instruction"}}, {"model": "auth.permission", "pk": 66, "fields": {"name": "Can delete instruction", "content_type": 22, "codename": "delete_instruction"}}, {"model": "auth.permission", "pk": 67, "fields": {"name": "Can add Experimental block basic configuration", "content_type": 23, "codename": "add_genericsettingblock"}}, {"model": "auth.permission", "pk": 68, "fields": {"name": "Can change Experimental block basic configuration", "content_type": 23, "codename": "change_genericsettingblock"}}, {"model": "auth.permission", "pk": 69, "fields": {"name": "Can delete Experimental block basic configuration", "content_type": 23, "codename": "delete_genericsettingblock"}}, {"model": "auth.permission", "pk": 70, "fields": {"name": "Can add generic global setting", "content_type": 24, "codename": "add_genericglobalsetting"}}, {"model": "auth.permission", "pk": 71, "fields": {"name": "Can change generic global setting", "content_type": 24, "codename": "change_genericglobalsetting"}}, {"model": "auth.permission", "pk": 72, "fields": {"name": "Can delete generic global setting", "content_type": 24, "codename": "delete_genericglobalsetting"}}, {"model": "auth.permission", "pk": 73, "fields": {"name": "Can add sim cat global setting", "content_type": 25, "codename": "add_simcatglobalsetting"}}, {"model": "auth.permission", "pk": 74, "fields": {"name": "Can change sim cat global setting", "content_type": 25, "codename": "change_simcatglobalsetting"}}, {"model": "auth.permission", "pk": 75, "fields": {"name": "Can delete sim cat global setting", "content_type": 25, "codename": "delete_simcatglobalsetting"}}, {"model": "auth.permission", "pk": 76, "fields": {"name": "Can add categorization block", "content_type": 26, "codename": "add_categorizationblock"}}, {"model": "auth.permission", "pk": 77, "fields": {"name": "Can change categorization block", "content_type": 26, "codename": "change_categorizationblock"}}, {"model": "auth.permission", "pk": 78, "fields": {"name": "Can delete categorization block", "content_type": 26, "codename": "delete_categorizationblock"}}, {"model": "auth.permission", "pk": 79, "fields": {"name": "Can add similarity block", "content_type": 27, "codename": "add_similarityblock"}}, {"model": "auth.permission", "pk": 80, "fields": {"name": "Can change similarity block", "content_type": 27, "codename": "change_similarityblock"}}, {"model": "auth.permission", "pk": 81, "fields": {"name": "Can delete similarity block", "content_type": 27, "codename": "delete_similarityblock"}}, {"model": "auth.permission", "pk": 82, "fields": {"name": "Can add html block", "content_type": 28, "codename": "add_htmlblock"}}, {"model": "auth.permission", "pk": 83, "fields": {"name": "Can change html block", "content_type": 28, "codename": "change_htmlblock"}}, {"model": "auth.permission", "pk": 84, "fields": {"name": "Can delete html block", "content_type": 28, "codename": "delete_htmlblock"}}, {"model": "auth.permission", "pk": 85, "fields": {"name": "Can add linked stimulus", "content_type": 29, "codename": "add_linkedstimulus"}}, {"model": "auth.permission", "pk": 86, "fields": {"name": "Can change linked stimulus", "content_type": 29, "codename": "change_linkedstimulus"}}, {"model": "auth.permission", "pk": 87, "fields": {"name": "Can delete linked stimulus", "content_type": 29, "codename": "delete_linkedstimulus"}}, {"model": "auth.permission", "pk": 88, "fields": {"name": "Can add generic stimuli pair", "content_type": 30, "codename": "add_genericstimulipair"}}, {"model": "auth.permission", "pk": 89, "fields": {"name": "Can change generic stimuli pair", "content_type": 30, "codename": "change_genericstimulipair"}}, {"model": "auth.permission", "pk": 90, "fields": {"name": "Can delete generic stimuli pair", "content_type": 30, "codename": "delete_genericstimulipair"}}, {"model": "auth.permission", "pk": 91, "fields": {"name": "Can add generic single stimuli", "content_type": 31, "codename": "add_genericsinglestimuli"}}, {"model": "auth.permission", "pk": 92, "fields": {"name": "Can change generic single stimuli", "content_type": 31, "codename": "change_genericsinglestimuli"}}, {"model": "auth.permission", "pk": 93, "fields": {"name": "Can delete generic single stimuli", "content_type": 31, "codename": "delete_genericsinglestimuli"}}, {"model": "auth.permission", "pk": 94, "fields": {"name": "Can add category", "content_type": 32, "codename": "add_category"}}, {"model": "auth.permission", "pk": 95, "fields": {"name": "Can change category", "content_type": 32, "codename": "change_category"}}, {"model": "auth.permission", "pk": 96, "fields": {"name": "Can delete category", "content_type": 32, "codename": "delete_category"}}, {"model": "auth.permission", "pk": 97, "fields": {"name": "Can add micro component pair", "content_type": 33, "codename": "add_microcomponentpair"}}, {"model": "auth.permission", "pk": 98, "fields": {"name": "Can change micro component pair", "content_type": 33, "codename": "change_microcomponentpair"}}, {"model": "auth.permission", "pk": 99, "fields": {"name": "Can delete micro component pair", "content_type": 33, "codename": "delete_microcomponentpair"}}, {"model": "auth.permission", "pk": 100, "fields": {"name": "Can add text trial", "content_type": 34, "codename": "add_texttrial"}}, {"model": "auth.permission", "pk": 101, "fields": {"name": "Can change text trial", "content_type": 34, "codename": "change_texttrial"}}, {"model": "auth.permission", "pk": 102, "fields": {"name": "Can delete text trial", "content_type": 34, "codename": "delete_texttrial"}}, {"model": "auth.permission", "pk": 103, "fields": {"name": "Can add email address", "content_type": 35, "codename": "add_emailaddress"}}, {"model": "auth.permission", "pk": 104, "fields": {"name": "Can change email address", "content_type": 35, "codename": "change_emailaddress"}}, {"model": "auth.permission", "pk": 105, "fields": {"name": "Can delete email address", "content_type": 35, "codename": "delete_emailaddress"}}, {"model": "auth.permission", "pk": 106, "fields": {"name": "Can add email confirmation", "content_type": 36, "codename": "add_emailconfirmation"}}, {"model": "auth.permission", "pk": 107, "fields": {"name": "Can change email confirmation", "content_type": 36, "codename": "change_emailconfirmation"}}, {"model": "auth.permission", "pk": 108, "fields": {"name": "Can delete email confirmation", "content_type": 36, "codename": "delete_emailconfirmation"}}, {"model": "auth.permission", "pk": 109, "fields": {"name": "Can add social application", "content_type": 37, "codename": "add_socialapp"}}, {"model": "auth.permission", "pk": 110, "fields": {"name": "Can change social application", "content_type": 37, "codename": "change_socialapp"}}, {"model": "auth.permission", "pk": 111, "fields": {"name": "Can delete social application", "content_type": 37, "codename": "delete_socialapp"}}, {"model": "auth.permission", "pk": 112, "fields": {"name": "Can add social account", "content_type": 38, "codename": "add_socialaccount"}}, {"model": "auth.permission", "pk": 113, "fields": {"name": "Can change social account", "content_type": 38, "codename": "change_socialaccount"}}, {"model": "auth.permission", "pk": 114, "fields": {"name": "Can delete social account", "content_type": 38, "codename": "delete_socialaccount"}}, {"model": "auth.permission", "pk": 115, "fields": {"name": "Can add social application token", "content_type": 39, "codename": "add_socialtoken"}}, {"model": "auth.permission", "pk": 116, "fields": {"name": "Can change social application token", "content_type": 39, "codename": "change_socialtoken"}}, {"model": "auth.permission", "pk": 117, "fields": {"name": "Can delete social application token", "content_type": 39, "codename": "delete_socialtoken"}}, {"model": "auth.permission", "pk": 118, "fields": {"name": "Can add request", "content_type": 40, "codename": "add_request"}}, {"model": "auth.permission", "pk": 119, "fields": {"name": "Can change request", "content_type": 40, "codename": "change_request"}}, {"model": "auth.permission", "pk": 120, "fields": {"name": "Can delete request", "content_type": 40, "codename": "delete_request"}}, {"model": "auth.permission", "pk": 121, "fields": {"name": "Can add response", "content_type": 41, "codename": "add_response"}}, {"model": "auth.permission", "pk": 122, "fields": {"name": "Can change response", "content_type": 41, "codename": "change_response"}}, {"model": "auth.permission", "pk": 123, "fields": {"name": "Can delete response", "content_type": 41, "codename": "delete_response"}}, {"model": "auth.permission", "pk": 124, "fields": {"name": "Can add sql query", "content_type": 42, "codename": "add_sqlquery"}}, {"model": "auth.permission", "pk": 125, "fields": {"name": "Can change sql query", "content_type": 42, "codename": "change_sqlquery"}}, {"model": "auth.permission", "pk": 126, "fields": {"name": "Can delete sql query", "content_type": 42, "codename": "delete_sqlquery"}}, {"model": "auth.permission", "pk": 127, "fields": {"name": "Can add profile", "content_type": 43, "codename": "add_profile"}}, {"model": "auth.permission", "pk": 128, "fields": {"name": "Can change profile", "content_type": 43, "codename": "change_profile"}}, {"model": "auth.permission", "pk": 129, "fields": {"name": "Can delete profile", "content_type": 43, "codename": "delete_profile"}}, {"model": "auth.permission", "pk": 130, "fields": {"name": "Can add forced choice", "content_type": 44, "codename": "add_forcedchoice"}}, {"model": "auth.permission", "pk": 131, "fields": {"name": "Can change forced choice", "content_type": 44, "codename": "change_forcedchoice"}}, {"model": "auth.permission", "pk": 132, "fields": {"name": "Can delete forced choice", "content_type": 44, "codename": "delete_forcedchoice"}}, {"model": "auth.permission", "pk": 133, "fields": {"name": "Can add rating", "content_type": 45, "codename": "add_rating"}}, {"model": "auth.permission", "pk": 134, "fields": {"name": "Can change rating", "content_type": 45, "codename": "change_rating"}}, {"model": "auth.permission", "pk": 135, "fields": {"name": "Can delete rating", "content_type": 45, "codename": "delete_rating"}}, {"model": "auth.permission", "pk": 136, "fields": {"name": "Can add survey likert", "content_type": 46, "codename": "add_surveylikert"}}, {"model": "auth.permission", "pk": 137, "fields": {"name": "Can change survey likert", "content_type": 46, "codename": "change_surveylikert"}}, {"model": "auth.permission", "pk": 138, "fields": {"name": "Can delete survey likert", "content_type": 46, "codename": "delete_surveylikert"}}, {"model": "auth.permission", "pk": 139, "fields": {"name": "Can add base stimuli", "content_type": 47, "codename": "add_basestimuli"}}, {"model": "auth.permission", "pk": 140, "fields": {"name": "Can change base stimuli", "content_type": 47, "codename": "change_basestimuli"}}, {"model": "auth.permission", "pk": 141, "fields": {"name": "Can delete base stimuli", "content_type": 47, "codename": "delete_basestimuli"}}, {"model": "auth.permission", "pk": 142, "fields": {"name": "Can add question", "content_type": 48, "codename": "add_question"}}, {"model": "auth.permission", "pk": 143, "fields": {"name": "Can change question", "content_type": 48, "codename": "change_question"}}, {"model": "auth.permission", "pk": 144, "fields": {"name": "Can delete question", "content_type": 48, "codename": "delete_question"}}, {"model": "auth.permission", "pk": 145, "fields": {"name": "Can add survey multi choice block", "content_type": 49, "codename": "add_surveymultichoiceblock"}}, {"model": "auth.permission", "pk": 146, "fields": {"name": "Can change survey multi choice block", "content_type": 49, "codename": "change_surveymultichoiceblock"}}, {"model": "auth.permission", "pk": 147, "fields": {"name": "Can delete survey multi choice block", "content_type": 49, "codename": "delete_surveymultichoiceblock"}}, {"model": "auth.permission", "pk": 148, "fields": {"name": "Can add survey likert block", "content_type": 50, "codename": "add_surveylikertblock"}}, {"model": "auth.permission", "pk": 149, "fields": {"name": "Can change survey likert block", "content_type": 50, "codename": "change_surveylikertblock"}}, {"model": "auth.permission", "pk": 150, "fields": {"name": "Can delete survey likert block", "content_type": 50, "codename": "delete_surveylikertblock"}}, {"model": "auth.permission", "pk": 151, "fields": {"name": "Can add rating block", "content_type": 51, "codename": "add_ratingblock"}}, {"model": "auth.permission", "pk": 152, "fields": {"name": "Can change rating block", "content_type": 51, "codename": "change_ratingblock"}}, {"model": "auth.permission", "pk": 153, "fields": {"name": "Can delete rating block", "content_type": 51, "codename": "delete_ratingblock"}}, {"model": "auth.permission", "pk": 154, "fields": {"name": "Can add forced choice block", "content_type": 52, "codename": "add_forcedchoiceblock"}}, {"model": "auth.permission", "pk": 155, "fields": {"name": "Can change forced choice block", "content_type": 52, "codename": "change_forcedchoiceblock"}}, {"model": "auth.permission", "pk": 156, "fields": {"name": "Can delete forced choice block", "content_type": 52, "codename": "delete_forcedchoiceblock"}}, {"model": "auth.permission", "pk": 157, "fields": {"name": "Can add survey multi choice", "content_type": 53, "codename": "add_surveymultichoice"}}, {"model": "auth.permission", "pk": 158, "fields": {"name": "Can change survey multi choice", "content_type": 53, "codename": "change_surveymultichoice"}}, {"model": "auth.permission", "pk": 159, "fields": {"name": "Can delete survey multi choice", "content_type": 53, "codename": "delete_surveymultichoice"}}, {"model": "auth.permission", "pk": 160, "fields": {"name": "Can add drop out", "content_type": 54, "codename": "add_dropout"}}, {"model": "auth.permission", "pk": 161, "fields": {"name": "Can change drop out", "content_type": 54, "codename": "change_dropout"}}, {"model": "auth.permission", "pk": 162, "fields": {"name": "Can delete drop out", "content_type": 54, "codename": "delete_dropout"}}, {"model": "auth.group", "pk": 1, "fields": {"name": "simcat_researchers", "permissions": [23]}}, {"model": "auth.group", "pk": 2, "fields": {"name": "expcath2_researchers", "permissions": [23]}}, {"model": "auth.group", "pk": 3, "fields": {"name": "binairychoice_researchers", "permissions": [23]}}, {"model": "auth.group", "pk": 4, "fields": {"name": "test_decision_lab_researchers", "permissions": [23]}}, {"model": "auth.user", "pk": 1, "fields": {"password": "pbkdf2_sha256$24000$feNHvuuZ3Q8C$RsMmTLn0sTV4iQ1njjonOW6D+sFDtdLAra8/D+RjspE=", "last_login": "2016-11-18T19:18:57.160Z", "is_superuser": true, "username": "catherine.prevost2", "first_name": "", "last_name": "Pr\u00e9vost", "email": "catherine.prevost2@hotmail.com", "is_staff": true, "is_active": true, "date_joined": "2016-09-09T19:19:09Z", "groups": [1, 2, 3, 4], "user_permissions": []}}, {"model": "auth.user", "pk": 2, "fields": {"password": "pbkdf2_sha256$24000$ciMkfA11ru3I$eu+kU9MS5d1TPDGOdgUnWIecLUOGjge8I3XTy99ZFM0=", "last_login": "2016-12-09T17:20:47.313Z", "is_superuser": true, "username": "drivas", "first_name": "", "last_name": "", "email": "", "is_staff": true, "is_active": true, "date_joined": "2016-11-11T16:56:48Z", "groups": [1, 2, 3, 4], "user_permissions": []}}, {"model": "auth.user", "pk": 3, "fields": {"password": "pbkdf2_sha256$24000$RVfsUNi7rulH$2n7RcrHfT6H3tt596saC98C1DYVtZOdDr3VtDRRDbEo=", "last_login": "2016-11-18T22:37:21.539Z", "is_superuser": false, "username": "catou239", "first_name": "", "last_name": "", "email": "catou239@hotmail.com", "is_staff": false, "is_active": true, "date_joined": "2016-11-18T17:25:36.429Z", "groups": [], "user_permissions": []}}, {"model": "auth.user", "pk": 4, "fields": {"password": "!kadmogOAbBaYy0xInitVfr9Czd1P2ZKzBwC9mWL9", "last_login": "2016-11-23T21:24:59.909Z", "is_superuser": false, "username": "daniel", "first_name": "Daniel", "last_name": "Rivas", "email": "rivasdaniel1992@gmail.com", "is_staff": false, "is_active": true, "date_joined": "2016-11-21T22:09:21.770Z", "groups": [], "user_permissions": []}}, {"model": "djexperiments.experiment", "pk": 1, "fields": {"label": "simcat", "verbose_name": "simcat", "verbose_name_en": "simcat", "verbose_name_fr": "simcat", "verbose_name_es": "simcat", "description": null, "description_en": null, "description_fr": null, "description_es": null, "estimated_length": "", "allow_repeats": false, "max_repeats": null, "enforce_finish": false, "max_pending": null, "compensated": false, "max_payouts": null, "allow_do_overs": false, "funds_remaining": null, "is_active": true, "total_funds_added": null, "settings_model": 25, "research_group": 1, "PayPal_API_Username": "", "PayPal_API_Password": "", "PayPal_API_Signature": "", "PayPal_Live_ID": "", "PayPal_sender_email": "", "block_models": [26, 27]}}, {"model": "djexperiments.experiment", "pk": 2, "fields": {"label": "expcath2", "verbose_name": "expcath2", "verbose_name_en": "expcath2", "verbose_name_fr": "expcath2", "verbose_name_es": "", "description": null, "description_en": null, "description_fr": null, "description_es": null, "estimated_length": "", "allow_repeats": false, "max_repeats": null, "enforce_finish": true, "max_pending": 1, "compensated": false, "max_payouts": null, "allow_do_overs": false, "funds_remaining": null, "is_active": true, "total_funds_added": null, "settings_model": 24, "research_group": 2, "PayPal_API_Username": "", "PayPal_API_Password": "", "PayPal_API_Signature": "", "PayPal_Live_ID": "", "PayPal_sender_email": "", "block_models": [23, 26, 49, 52]}}, {"model": "djexperiments.experiment", "pk": 3, "fields": {"label": "marieExp", "verbose_name": "marieTest", "verbose_name_en": "marieTest", "verbose_name_fr": "choix binaires", "verbose_name_es": "", "description": null, "description_en": null, "description_fr": null, "description_es": null, "estimated_length": "", "allow_repeats": false, "max_repeats": null, "enforce_finish": true, "max_pending": 1, "compensated": false, "max_payouts": null, "allow_do_overs": false, "funds_remaining": null, "is_active": true, "total_funds_added": null, "settings_model": 24, "research_group": 3, "PayPal_API_Username": "", "PayPal_API_Password": "", "PayPal_API_Signature": "", "PayPal_Live_ID": "", "PayPal_sender_email": "", "block_models": [26, 27, 28]}}, {"model": "djexperiments.experiment", "pk": 4, "fields": {"label": "test_decision_lab", "verbose_name": "How do you make decisions?", "verbose_name_en": "How do you make decisions?", "verbose_name_fr": "", "verbose_name_es": "", "description": null, "description_en": null, "description_fr": null, "description_es": null, "estimated_length": "", "allow_repeats": true, "max_repeats": null, "enforce_finish": false, "max_pending": null, "compensated": false, "max_payouts": null, "allow_do_overs": false, "funds_remaining": null, "is_active": true, "total_funds_added": null, "settings_model": 24, "research_group": 4, "PayPal_API_Username": "", "PayPal_API_Password": "", "PayPal_API_Signature": "", "PayPal_Live_ID": "", "PayPal_sender_email": "", "block_models": [23, 28, 34, 49, 50, 51, 52]}}, {"model": "djuser.subject", "pk": 1, "fields": {"user": 1, "student_participant_id": null, "birthday": null, "sex": null, "occupation": null, "years_of_schooling": null}}, {"model": "djuser.subject", "pk": 2, "fields": {"user": 2, "student_participant_id": null, "birthday": null, "sex": null, "occupation": null, "years_of_schooling": null}}, {"model": "djuser.subject", "pk": 3, "fields": {"user": 3, "student_participant_id": null, "birthday": null, "sex": null, "occupation": null, "years_of_schooling": null}}, {"model": "djuser.subject", "pk": 4, "fields": {"user": 4, "student_participant_id": null, "birthday": null, "sex": null, "occupation": null, "years_of_schooling": null}}, {"model": "account.emailaddress", "pk": 1, "fields": {"user": 3, "email": "catou239@hotmail.com", "verified": false, "primary": true}}, {"model": "account.emailaddress", "pk": 2, "fields": {"user": 4, "email": "rivasdaniel1992@gmail.com", "verified": true, "primary": true}}, {"model": "socialaccount.socialaccount", "pk": 1, "fields": {"user": 4, "provider": "google", "uid": "110077074538810707523", "last_login": "2016-11-23T21:24:59.718Z", "date_joined": "2016-11-21T22:09:21.889Z", "extra_data": "{\"id\": \"110077074538810707523\", \"given_name\": \"Daniel\", \"email\": \"rivasdaniel1992@gmail.com\", \"locale\": \"en\", \"gender\": \"other\", \"verified_email\": true, \"picture\": \"https://lh3.googleusercontent.com/-XdUIqdMkCWA/AAAAAAAAAAI/AAAAAAAAAAA/4252rscbv5M/photo.jpg\", \"name\": \"Daniel Rivas\", \"link\": \"https://plus.google.com/110077074538810707523\", \"family_name\": \"Rivas\"}"}}, {"model": "admin.logentry", "pk": 1, "fields": {"action_time": "2016-09-09T19:22:57.541Z", "user": 1, "content_type": 8, "object_id": "1", "object_repr": "simcat", "action_flag": 1, "change_message": "Added."}}, {"model": "admin.logentry", "pk": 2, "fields": {"action_time": "2016-09-09T19:25:30.056Z", "user": 1, "content_type": 4, "object_id": "1", "object_repr": "catherine", "action_flag": 2, "change_message": "Changed groups."}}, {"model": "admin.logentry", "pk": 3, "fields": {"action_time": "2016-09-16T17:45:03.045Z", "user": 1, "content_type": 11, "object_id": "1", "object_repr": "simcat", "action_flag": 2, "change_message": "Changed verbose_name_fr and verbose_name_es."}}, {"model": "admin.logentry", "pk": 4, "fields": {"action_time": "2016-09-16T18:45:41.993Z", "user": 1, "content_type": 4, "object_id": "1", "object_repr": "catherine.prevost2@hotmail.com", "action_flag": 2, "change_message": "Changed username, first_name and last_name."}}, {"model": "admin.logentry", "pk": 5, "fields": {"action_time": "2016-09-16T20:08:40.882Z", "user": 1, "content_type": 8, "object_id": "2", "object_repr": "exp_cath_2", "action_flag": 1, "change_message": "Added."}}, {"model": "admin.logentry", "pk": 6, "fields": {"action_time": "2016-09-16T20:09:45.329Z", "user": 1, "content_type": 4, "object_id": "1", "object_repr": "catherine.prevost2", "action_flag": 2, "change_message": "Changed username and groups."}}, {"model": "admin.logentry", "pk": 7, "fields": {"action_time": "2016-09-16T20:10:12.146Z", "user": 1, "content_type": 4, "object_id": "1", "object_repr": "catherine.prevost2", "action_flag": 2, "change_message": "Changed first_name."}}, {"model": "admin.logentry", "pk": 8, "fields": {"action_time": "2016-09-17T01:44:10.246Z", "user": 1, "content_type": 8, "object_id": "1", "object_repr": "simcat", "action_flag": 2, "change_message": "Changed is_active."}}, {"model": "admin.logentry", "pk": 9, "fields": {"action_time": "2016-09-22T21:17:13.556Z", "user": 1, "content_type": 8, "object_id": "2", "object_repr": "expcath2", "action_flag": 2, "change_message": "Changed verbose_name_en and verbose_name_fr."}}, {"model": "admin.logentry", "pk": 10, "fields": {"action_time": "2016-09-30T18:48:49.022Z", "user": 1, "content_type": 8, "object_id": "3", "object_repr": "binary choice", "action_flag": 1, "change_message": "Added."}}, {"model": "admin.logentry", "pk": 11, "fields": {"action_time": "2016-09-30T18:49:50.108Z", "user": 1, "content_type": 3, "object_id": "3", "object_repr": "binairychoice_researchers", "action_flag": 2, "change_message": "No fields changed."}}, {"model": "admin.logentry", "pk": 12, "fields": {"action_time": "2016-11-04T17:31:05.073Z", "user": 1, "content_type": 24, "object_id": "1", "object_repr": "this-one configuration", "action_flag": 1, "change_message": "Added."}}, {"model": "admin.logentry", "pk": 13, "fields": {"action_time": "2016-11-04T17:32:30.759Z", "user": 1, "content_type": 24, "object_id": "2", "object_repr": "this-one configuration", "action_flag": 1, "change_message": "Added."}}, {"model": "admin.logentry", "pk": 14, "fields": {"action_time": "2016-11-04T17:33:46.675Z", "user": 1, "content_type": 24, "object_id": "2", "object_repr": "this-one configuration", "action_flag": 2, "change_message": "Changed experiment and extra_parameters."}}, {"model": "admin.logentry", "pk": 15, "fields": {"action_time": "2016-11-04T17:34:24.112Z", "user": 1, "content_type": 8, "object_id": "2", "object_repr": "expcath2", "action_flag": 2, "change_message": "Changed enforce_finish and max_pending."}}, {"model": "admin.logentry", "pk": 16, "fields": {"action_time": "2016-11-04T17:34:48.308Z", "user": 1, "content_type": 8, "object_id": "2", "object_repr": "expcath2", "action_flag": 2, "change_message": "Changed is_active and block_models."}}, {"model": "admin.logentry", "pk": 17, "fields": {"action_time": "2016-11-08T22:32:02.964Z", "user": 1, "content_type": 8, "object_id": "4", "object_repr": "How do you make decisions?", "action_flag": 1, "change_message": "Added."}}, {"model": "admin.logentry", "pk": 18, "fields": {"action_time": "2016-11-08T22:32:46.204Z", "user": 1, "content_type": 4, "object_id": "1", "object_repr": "catherine.prevost2", "action_flag": 2, "change_message": "Changed groups."}}, {"model": "admin.logentry", "pk": 19, "fields": {"action_time": "2016-11-08T22:33:49.420Z", "user": 1, "content_type": 8, "object_id": "4", "object_repr": "How do you make decisions?", "action_flag": 2, "change_message": "Changed block_models."}}, {"model": "admin.logentry", "pk": 20, "fields": {"action_time": "2016-11-08T22:36:49.751Z", "user": 1, "content_type": 24, "object_id": "3", "object_repr": "tests configuration", "action_flag": 1, "change_message": "Added."}}, {"model": "admin.logentry", "pk": 21, "fields": {"action_time": "2016-11-09T21:49:25.966Z", "user": 1, "content_type": 51, "object_id": "1", "object_repr": "RatingBlock object", "action_flag": 1, "change_message": "Added."}}, {"model": "admin.logentry", "pk": 22, "fields": {"action_time": "2016-11-09T21:55:19.505Z", "user": 1, "content_type": 52, "object_id": "1", "object_repr": "ForcedChoiceBlock object", "action_flag": 1, "change_message": "Added."}}, {"model": "admin.logentry", "pk": 23, "fields": {"action_time": "2016-11-09T22:07:58.669Z", "user": 1, "content_type": 51, "object_id": "1", "object_repr": "RatingBlock object", "action_flag": 2, "change_message": "Changed extra_params."}}, {"model": "admin.logentry", "pk": 24, "fields": {"action_time": "2016-11-10T18:53:14.438Z", "user": 1, "content_type": 51, "object_id": "1", "object_repr": "RatingBlock object", "action_flag": 2, "change_message": "Changed extra_params and responses."}}, {"model": "admin.logentry", "pk": 25, "fields": {"action_time": "2016-11-10T20:08:02.859Z", "user": 1, "content_type": 51, "object_id": "1", "object_repr": "RatingBlock object", "action_flag": 2, "change_message": "Changed extra_params and responses."}}, {"model": "admin.logentry", "pk": 26, "fields": {"action_time": "2016-11-10T20:09:12.127Z", "user": 1, "content_type": 51, "object_id": "1", "object_repr": "RatingBlock object", "action_flag": 2, "change_message": "Changed extra_params, labels, intervals and show_ticks."}}, {"model": "admin.logentry", "pk": 27, "fields": {"action_time": "2016-11-10T20:15:25.860Z", "user": 1, "content_type": 51, "object_id": "1", "object_repr": "RatingBlock object", "action_flag": 2, "change_message": "Changed extra_params, responses, labels, intervals and show_ticks."}}, {"model": "admin.logentry", "pk": 28, "fields": {"action_time": "2016-11-10T20:38:17.729Z", "user": 1, "content_type": 51, "object_id": "1", "object_repr": "RatingBlock object", "action_flag": 2, "change_message": "Changed extra_params and response."}}, {"model": "admin.logentry", "pk": 29, "fields": {"action_time": "2016-11-10T20:51:36.801Z", "user": 1, "content_type": 52, "object_id": "1", "object_repr": "ForcedChoiceBlock object", "action_flag": 2, "change_message": "Changed length and extra_params."}}, {"model": "admin.logentry", "pk": 30, "fields": {"action_time": "2016-11-11T15:05:41.808Z", "user": 1, "content_type": 52, "object_id": "1", "object_repr": "ForcedChoiceBlock object", "action_flag": 2, "change_message": "Changed length and extra_params."}}, {"model": "admin.logentry", "pk": 31, "fields": {"action_time": "2016-11-11T16:57:16.691Z", "user": 2, "content_type": 4, "object_id": "2", "object_repr": "drivas", "action_flag": 2, "change_message": "Changed groups."}}, {"model": "admin.logentry", "pk": 32, "fields": {"action_time": "2016-11-11T18:25:14.603Z", "user": 1, "content_type": 49, "object_id": "1", "object_repr": "SurveyMultiChoiceBlock object", "action_flag": 1, "change_message": "Added. Added question \"Do you authorize percept to relay your email adress to this experiment researchers to be entered in a draw for a 500$ gift card to Amazon.ca?\". Added question \"Do you authorize percept to relay your email adress to this experiment researchers, so they can contact you to participate in a similar online follow up study?\". Added question \"If you live in the Montreal (Qc) area : Would you be interested in coming in to the lab to participate in one of our other studies and do you authorize percept to relay you email adress to this experiment researchers, so they can contact you?\"."}}, {"model": "admin.logentry", "pk": 33, "fields": {"action_time": "2016-11-11T18:29:51.158Z", "user": 1, "content_type": 49, "object_id": "1", "object_repr": "SurveyMultiChoiceBlock object", "action_flag": 2, "change_message": "Changed extra_params. Changed answer_options and answer_options_en for question \"Do you authorize percept to relay your email adress to this experiment researchers to be entered in a draw for a 500$ gift card to Amazon.ca?\". Changed answer_options and answer_options_en for question \"Do you authorize percept to relay your email adress to this experiment researchers, so they can contact you to participate in a similar online follow up study?\". Changed answer_options and answer_options_en for question \"If you live in the Montreal (Qc) area : Would you be interested in coming in to the lab to participate in one of our other studies and do you authorize percept to relay you email adress to this experiment researchers, so they can contact you?\"."}}, {"model": "admin.logentry", "pk": 34, "fields": {"action_time": "2016-11-11T18:43:20.712Z", "user": 1, "content_type": 49, "object_id": "1", "object_repr": "SurveyMultiChoiceBlock object", "action_flag": 2, "change_message": "Changed extra_params. Changed answer_options and answer_options_en for question \"Do you authorize percept to relay your email adress to this experiment researchers to be entered in a draw for a 500$ gift card to Amazon.ca?\". Changed answer_options and answer_options_en for question \"Do you authorize percept to relay your email adress to this experiment researchers, so they can contact you to participate in a similar online follow up study?\". Changed answer_options and answer_options_en for question \"If you live in the Montreal (Qc) area : Would you be interested in coming in to the lab to participate in one of our other studies and do you authorize percept to relay you email adress to this experiment researchers, so they can contact you?\"."}}, {"model": "admin.logentry", "pk": 35, "fields": {"action_time": "2016-11-11T18:46:33.918Z", "user": 1, "content_type": 49, "object_id": "1", "object_repr": "SurveyMultiChoiceBlock object", "action_flag": 2, "change_message": "Changed extra_params. Changed answer_options and answer_options_en for question \"Do you authorize percept to relay your email adress to this experiment researchers to be entered in a draw for a 500$ gift card to Amazon.ca?\". Changed answer_options and answer_options_en for question \"Do you authorize percept to relay your email adress to this experiment researchers, so they can contact you to participate in a similar online follow up study?\". Changed answer_options and answer_options_en for question \"If you live in the Montreal (Qc) area : Would you be interested in coming in to the lab to participate in one of our other studies and do you authorize percept to relay you email adress to this experiment researchers, so they can contact you?\"."}}, {"model": "admin.logentry", "pk": 36, "fields": {"action_time": "2016-11-11T19:00:46.264Z", "user": 1, "content_type": 50, "object_id": "1", "object_repr": "SurveyLikertBlock object", "action_flag": 1, "change_message": "Added. Added question \"Do you authorize percept to relay your email adress to this experiment researchers to be entered in a draw for a 500$ gift card to Amazon.ca?\". Added question \"If you live in the Montreal (Qc) area : Would you be interested in coming in to the lab to participate in one of our other studies and do you authorize percept to relay you email adress to this experiment researchers, so they can contact you?\". Added question \"Do you authorize percept to relay your email adress to this experiment researchers, so they can contact you to participate in a similar online follow up study?\"."}}, {"model": "admin.logentry", "pk": 37, "fields": {"action_time": "2016-11-11T19:07:09.704Z", "user": 1, "content_type": 50, "object_id": "1", "object_repr": "SurveyLikertBlock object", "action_flag": 2, "change_message": "Changed extra_params. Changed answer_options and answer_options_en for question \"Do you authorize percept to relay your email adress to this experiment researchers to be entered in a draw for a 500$ gift card to Amazon.ca?\". Changed answer_options and answer_options_en for question \"If you live in the Montreal (Qc) area : Would you be interested in coming in to the lab to participate in one of our other studies and do you authorize percept to relay you email adress to this experiment researchers, so they can contact you?\". Changed answer_options and answer_options_en for question \"Do you authorize percept to relay your email adress to this experiment researchers, so they can contact you to participate in a similar online follow up study?\"."}}, {"model": "admin.logentry", "pk": 38, "fields": {"action_time": "2016-11-11T19:47:52.025Z", "user": 1, "content_type": 49, "object_id": "1", "object_repr": "SurveyMultiChoiceBlock object", "action_flag": 2, "change_message": "Changed extra_params and preamble_en."}}, {"model": "admin.logentry", "pk": 39, "fields": {"action_time": "2016-11-11T19:48:06.376Z", "user": 1, "content_type": 49, "object_id": "1", "object_repr": "SurveyMultiChoiceBlock object", "action_flag": 2, "change_message": "Changed position_in_timeline and extra_params."}}, {"model": "admin.logentry", "pk": 40, "fields": {"action_time": "2016-11-18T17:31:15.424Z", "user": 1, "content_type": 24, "object_id": "4", "object_repr": "final configuration", "action_flag": 1, "change_message": "Added."}}, {"model": "admin.logentry", "pk": 41, "fields": {"action_time": "2016-11-18T17:37:58.333Z", "user": 1, "content_type": 49, "object_id": "2", "object_repr": "SurveyMultiChoiceBlock object", "action_flag": 1, "change_message": "Added. Added question \"1. Please specify whether you are:\". Added question \"2. What is your age?\"."}}, {"model": "admin.logentry", "pk": 42, "fields": {"action_time": "2016-11-18T17:48:43.575Z", "user": 1, "content_type": 50, "object_id": "2", "object_repr": "SurveyLikertBlock object", "action_flag": 1, "change_message": "Added. Added question \"1. I see myself as extraverted, enthusiastic.\". Added question \"2. I see myself as critical, quarrelsome\". Added question \"3. I see myself as dependable, self-disciplined.\"."}}, {"model": "admin.logentry", "pk": 43, "fields": {"action_time": "2016-11-18T17:52:58.367Z", "user": 1, "content_type": 51, "object_id": "1", "object_repr": "RatingBlock object", "action_flag": 2, "change_message": "Changed global_settings_id, position_in_timeline and extra_params."}}, {"model": "admin.logentry", "pk": 44, "fields": {"action_time": "2016-11-18T17:54:06.785Z", "user": 1, "content_type": 52, "object_id": "1", "object_repr": "ForcedChoiceBlock object", "action_flag": 2, "change_message": "Changed global_settings_id, position_in_timeline, length and extra_params."}}, {"model": "admin.logentry", "pk": 45, "fields": {"action_time": "2016-11-18T17:54:40.809Z", "user": 1, "content_type": 49, "object_id": "1", "object_repr": "SurveyMultiChoiceBlock object", "action_flag": 2, "change_message": "Changed global_settings_id, position_in_timeline and extra_params."}}, {"model": "admin.logentry", "pk": 46, "fields": {"action_time": "2016-11-18T18:58:55.819Z", "user": 1, "content_type": 8, "object_id": "4", "object_repr": "How do you make decisions?", "action_flag": 2, "change_message": "Changed allow_repeats."}}, {"model": "admin.logentry", "pk": 47, "fields": {"action_time": "2016-11-21T17:50:31.956Z", "user": 2, "content_type": 8, "object_id": "3", "object_repr": "marieTest", "action_flag": 2, "change_message": "Changed verbose_name_en, enforce_finish, max_pending and block_models."}}, {"model": "admin.logentry", "pk": 48, "fields": {"action_time": "2016-11-21T17:51:12.128Z", "user": 2, "content_type": 8, "object_id": "3", "object_repr": "marieTest", "action_flag": 2, "change_message": "Changed label."}}, {"model": "admin.logentry", "pk": 49, "fields": {"action_time": "2016-11-21T19:49:24.358Z", "user": 2, "content_type": 27, "object_id": "1", "object_repr": "SimilarityBlock object", "action_flag": 1, "change_message": "Added. Added instruction \"Instruction object\"."}}, {"model": "admin.logentry", "pk": 50, "fields": {"action_time": "2016-11-21T21:29:09.565Z", "user": 2, "content_type": 27, "object_id": "1", "object_repr": "SimilarityBlock object", "action_flag": 2, "change_message": "Changed extra_params."}}, {"model": "admin.logentry", "pk": 51, "fields": {"action_time": "2016-11-21T21:54:23.644Z", "user": 2, "content_type": 27, "object_id": "1", "object_repr": "SimilarityBlock object", "action_flag": 2, "change_message": "Changed extra_params."}}, {"model": "admin.logentry", "pk": 52, "fields": {"action_time": "2016-11-21T22:04:04.954Z", "user": 2, "content_type": 27, "object_id": "1", "object_repr": "SimilarityBlock object", "action_flag": 2, "change_message": "Changed extra_params."}}, {"model": "admin.logentry", "pk": 53, "fields": {"action_time": "2016-11-21T22:08:33.054Z", "user": 2, "content_type": 37, "object_id": "1", "object_repr": "Google", "action_flag": 1, "change_message": "Added."}}, {"model": "admin.logentry", "pk": 54, "fields": {"action_time": "2016-11-21T22:09:02.307Z", "user": 2, "content_type": 37, "object_id": "2", "object_repr": "Facebook", "action_flag": 1, "change_message": "Added."}}, {"model": "admin.logentry", "pk": 55, "fields": {"action_time": "2016-11-21T22:12:14.232Z", "user": 2, "content_type": 27, "object_id": "1", "object_repr": "SimilarityBlock object", "action_flag": 2, "change_message": "Changed extra_params and save_with."}}, {"model": "admin.logentry", "pk": 56, "fields": {"action_time": "2016-11-21T22:40:41.448Z", "user": 2, "content_type": 15, "object_id": "14", "object_repr": "Participation object", "action_flag": 2, "change_message": "Changed complete and parameters."}}, {"model": "admin.logentry", "pk": 57, "fields": {"action_time": "2016-11-23T22:11:37.207Z", "user": 2, "content_type": 51, "object_id": "1", "object_repr": "RatingBlock object", "action_flag": 2, "change_message": "Changed extra_params. Added instruction \"Instruction object\"."}}, {"model": "admin.logentry", "pk": 58, "fields": {"action_time": "2016-11-29T18:39:02.810Z", "user": 2, "content_type": 15, "object_id": "12", "object_repr": "Participation object", "action_flag": 3, "change_message": ""}}, {"model": "admin.logentry", "pk": 59, "fields": {"action_time": "2016-11-29T18:39:02.829Z", "user": 2, "content_type": 15, "object_id": "11", "object_repr": "Participation object", "action_flag": 3, "change_message": ""}}, {"model": "admin.logentry", "pk": 60, "fields": {"action_time": "2016-11-29T18:39:02.841Z", "user": 2, "content_type": 15, "object_id": "10", "object_repr": "Participation object", "action_flag": 3, "change_message": ""}}, {"model": "admin.logentry", "pk": 61, "fields": {"action_time": "2016-11-29T18:39:02.854Z", "user": 2, "content_type": 15, "object_id": "9", "object_repr": "Participation object", "action_flag": 3, "change_message": ""}}, {"model": "admin.logentry", "pk": 62, "fields": {"action_time": "2016-11-29T18:39:02.866Z", "user": 2, "content_type": 15, "object_id": "8", "object_repr": "Participation object", "action_flag": 3, "change_message": ""}}, {"model": "admin.logentry", "pk": 63, "fields": {"action_time": "2016-11-29T18:39:02.876Z", "user": 2, "content_type": 15, "object_id": "7", "object_repr": "Participation object", "action_flag": 3, "change_message": ""}}, {"model": "admin.logentry", "pk": 64, "fields": {"action_time": "2016-11-29T18:39:02.889Z", "user": 2, "content_type": 15, "object_id": "6", "object_repr": "Participation object", "action_flag": 3, "change_message": ""}}, {"model": "admin.logentry", "pk": 65, "fields": {"action_time": "2016-11-29T18:39:02.901Z", "user": 2, "content_type": 15, "object_id": "5", "object_repr": "Participation object", "action_flag": 3, "change_message": ""}}, {"model": "admin.logentry", "pk": 66, "fields": {"action_time": "2016-11-29T18:39:02.913Z", "user": 2, "content_type": 15, "object_id": "4", "object_repr": "Participation object", "action_flag": 3, "change_message": ""}}, {"model": "admin.logentry", "pk": 67, "fields": {"action_time": "2016-11-29T18:39:02.924Z", "user": 2, "content_type": 15, "object_id": "3", "object_repr": "Participation object", "action_flag": 3, "change_message": ""}}, {"model": "admin.logentry", "pk": 68, "fields": {"action_time": "2016-11-29T18:39:02.936Z", "user": 2, "content_type": 15, "object_id": "2", "object_repr": "Participation object", "action_flag": 3, "change_message": ""}}, {"model": "admin.logentry", "pk": 69, "fields": {"action_time": "2016-11-29T18:39:02.948Z", "user": 2, "content_type": 15, "object_id": "1", "object_repr": "Participation object", "action_flag": 3, "change_message": ""}}, {"model": "admin.logentry", "pk": 70, "fields": {"action_time": "2016-11-29T18:39:11.750Z", "user": 2, "content_type": 15, "object_id": "13", "object_repr": "Participation object", "action_flag": 2, "change_message": "Modification de complete et parameters."}}, {"model": "admin.logentry", "pk": 71, "fields": {"action_time": "2016-11-29T18:42:16.716Z", "user": 2, "content_type": 15, "object_id": "15", "object_repr": "Participation object", "action_flag": 2, "change_message": "Modification de complete et parameters."}}]